entry_time,exit_time,direction,entry,exit,quantity,stop,target,gross,fees,funding,net,exit_reason
1720249200,1720249500,-1,56487.5,56576.0,1.0,56575.8,56000.0,-88.5,79.14445,0.0,-167.64445,stop
1721206800,1721214900,1,65079.0,64732.200000000004,0.499,64732.4,66100.0,-173.05319999999782,45.34305216,0.0,-218.39625215999783,stop
1721349900,1721350200,1,63648.100000000006,63544.40000000001,1.0,63544.600000000006,64096.3,-103.69999999999709,89.03475,0.0,-192.73474999999712,stop
1721691000,1721709300,1,67383.6,67165.20000000001,0.664,67165.40000000001,68228.6,-145.01759999999615,62.538282240000015,-2.110548785792,-209.66643102578814,stop
1722178800,1722180900,1,67636.1,67586.6,1.0,67586.8,68093.40000000001,-49.5,94.65589,0.0,-144.15589,stop
1722431400,1722431400,-1,66256.2,66294.2,1.0,66294.0,65906.7,-38.0,92.78528,0.0,-130.78528,stop
1723919100,1723919700,1,59357.9,59308.600000000006,1.0,59308.8,59690.200000000004,-49.299999999995634,83.06655,0.0,-132.36654999999564,stop
1724296500,1724422200,1,60297.5,61793.9,0.303,59636.600000000006,61793.9,453.40920000000045,25.895585939999997,1.24761334437,428.76122740437046,target
1725761100,1725762000,-1,54299.100000000006,54390.6,1.0,54390.4,53778.100000000006,-91.49999999999272,76.08279,0.0,-167.5827899999927,stop
1727382000,1727426100,1,64683.5,65800.0,0.87,64559.700000000004,65800.0,971.355,79.4644515,-9.49405433832,882.39649416168,target
1728295500,1728296400,1,63107.5,63026.200000000004,1.0,63026.4,63950.0,-81.29999999999563,88.29359,0.0,-169.59358999999563,stop
1728599100,1728600000,-1,60098.5,60218.3,0.932,60218.100000000006,58900.0,-111.65360000000271,78.49468032000001,0.0,-190.1482803200027,stop
1729064400,1729073400,1,66822.1,67548.6,0.929,66700.90000000001,67548.6,674.9185,87.38126621,-5.286611992000001,582.250621798,target
1730722200,1730725200,-1,68945.1,69059.9,0.9570000000000001,69059.7,68456.3,-109.86359999998886,92.4495495,0.0,-202.31314949998887,stop
1731526500,1731526500,1,90298.1,90085.00000000001,0.457,90085.20000000001,93421.1,-97.38669999999601,57.70455369000001,0.0,-155.09125368999602,stop
1731682500,1731683100,1,88945.5,88562.20000000001,0.391,88562.40000000001,90780.0,-149.87029999999547,48.58385749000001,0.0,-198.45415748999548,stop
1731954300,1731954600,1,91061.1,90871.6,0.517,90871.8,92700.0,-97.9715,65.84144413000001,0.0,-163.81294413,stop
1732326300,1732378200,1,98429.90000000001,98308.40000000001,0.748,98308.6,99660.0,-90.882,103.01217388,-14.737589680000001,-208.63176356000002,stop
1732635300,1732638000,-1,93308.5,93726.40000000001,0.357,93726.20000000001,91553.0,-149.1903000000031,46.740021510000005,9.814209040481998,-186.1161124695211,stop
1732674000,1732674000,-1,92805.8,92945.40000000001,0.651,92945.20000000001,90866.40000000001,-90.87960000000379,84.64682184,0.0,-175.5264218400038,stop
1732868100,1732879500,1,95850.40000000001,96932.90000000001,0.584,95629.0,96932.90000000001,632.18,78.80981304,0.0,553.37018696,target
1733529600,1733550300,1,99769.40000000001,99035.70000000001,0.249,99035.90000000001,101988.8,-182.69129999999927,34.651728930000004,0.0,-217.3430289299993,stop
1733671800,1733700000,1,99653.40000000001,100597.5,0.492,99364.40000000001,100597.5,464.4971999999957,68.96640996,-8.647189010639998,386.8836010293557,target
