entry_time,exit_time,direction,entry,exit,quantity,stop,target,gross,fees,funding,net,exit_reason
1720091700,1720099200,-1,57886.80000000001,56917.5,0.596,58139.3,56917.5,577.702800000006,47.896353960000006,0.0,529.806446040006,target
1720347300,1720348200,-1,57639.600000000006,57795.1,0.904,57794.9,57041.700000000004,-140.57199999999344,73.04707816000001,0.0,-213.61907815999345,stop
1720422000,1720425600,-1,55567.30000000001,55925.6,0.486,55925.4,54243.100000000006,-174.13379999999432,37.92988458,2.230842569328,-209.83284201066633,stop
1722741000,1722782100,-1,60751.200000000004,59800.0,0.47500000000000003,61127.9,59800.0,451.8200000000021,40.083274,1.53150068955,413.2682266895521,target
1724296500,1724422200,1,60353.299999999996,61793.9,0.289,59636.600000000006,61793.9,416.33340000000163,24.710378559999995,1.1899678433099998,392.81298928331165,target
1724841000,1724862000,-1,59772.30000000001,57928.200000000004,0.406,60239.4,57928.200000000004,748.7046000000024,33.4504821,0.273624374772,715.5277422747744,target
1725560100,1725565500,-1,56474.80000000001,55779.100000000006,0.684,56693.8,55779.100000000006,475.85880000000304,53.74716732000001,0.0,422.111632680003,target
1728598500,1728600000,-1,59922.700000000004,60218.3,0.5750000000000001,60218.100000000006,58900.0,-169.96999999999917,48.35675250000001,0.0,-218.3267524999992,stop
1729063800,1729073400,1,66912.5,67548.6,0.71,66700.90000000001,67548.6,451.6310000000041,66.82716669999999,-4.04036008,380.76347322000413,target
1729813500,1729816200,1,68148.90000000001,68000.0,0.868,68000.2,68842.5,-129.24520000000757,82.72407164,-5.917485840000001,-217.8867574800076,stop
1732203900,1732213800,1,96463.90000000001,98438.90000000001,0.214,95543.90000000001,98438.90000000001,422.65,29.19643944,-2.0690397400000005,391.38452082,target
1732326300,1732378200,1,98543.8,98308.40000000001,0.5740000000000001,98308.6,99660.0,-135.11959999999667,79.09521396000002,-11.30932684,-225.5241407999967,stop
1732673700,1732674000,-1,92404.0,92945.40000000001,0.326,92945.20000000001,90866.40000000001,-176.49640000000286,42.29673308000001,0.0,-218.79313308000286,stop
1734392700,1734446400,1,105727.00000000001,107777.0,0.418,105364.5,107777.0,856.8999999999938,62.4712704,-7.9496012932159985,786.4791283067779,target
1734635700,1734637200,-1,98599.7,96852.40000000001,0.292,99146.1,96852.40000000001,510.21159999999657,39.95040924,0.0,470.26119075999657,target
1734703200,1734705300,-1,95007.7,95904.8,0.209,95904.6,92272.6,-187.49390000000122,27.930498749999998,0.0,-215.42439875000122,stop
