entry_time,exit_time,direction,entry,exit,quantity,stop,target,gross,fees,funding,net,exit_reason,partial_time,partial_price,partial_quantity
1720091700,1720099200,-1,57886.80000000001,56917.5,0.596,58139.3,56917.5,500.37180000000603,47.950485660000005,0.0,452.421314340006,target,1720097400,57177.0,0.298
1720248300,1720249500,-1,56469.100000000006,56576.0,1.0,56575.8,56000.0,-106.89999999999418,79.13157000000001,0.0,-186.0315699999942,stop,,,
1724296500,1724422200,1,60353.299999999996,61793.9,0.28800000000000003,59636.600000000006,61793.9,407.53440000000194,24.61972464,1.1858503075200002,384.10052566752194,target,1724421900,61742.8,0.14400000000000002
1724841000,1724862000,-1,59772.30000000001,57928.200000000004,0.405,60239.4,57928.200000000004,579.2005000000024,33.485453750000005,0.136812187386,545.8518584373884,target,1724857800,58758.200000000004,0.202
1725178500,1725198600,-1,58338.700000000004,57728.600000000006,0.9,58495.4,57728.600000000006,500.9399999999987,73.156104,0.0,427.78389599999866,target,1725188400,57835.600000000006,0.45
1728598500,1728600000,-1,59922.700000000004,60218.3,0.5730000000000001,60218.100000000006,58900.0,-169.3787999999992,48.1885551,0.0,-217.5673550999992,stop,,,
1729063800,1729073400,1,66912.5,67548.6,0.707,66700.90000000001,67548.6,448.169500000001,66.54371115000001,-4.023288136000001,377.60250071400094,target,1729073400,67544.2,0.353
1729813500,1729816200,1,68148.90000000001,68000.0,0.864,68000.2,68842.5,-128.64960000000755,82.34285471999999,-5.89021632,-216.88267104000755,stop,,,
1730617200,1730643900,-1,68556.7,67846.0,0.658,68800.3,67846.0,455.69789999999716,62.835443510000005,4.5004239,397.36288038999714,target,1730643900,67882.3,0.329
1732326300,1732378200,1,98543.8,98308.40000000001,0.5710000000000001,98308.6,99660.0,-134.4133999999967,78.68182434,-11.250218860000002,-224.3454431999967,stop,,,
1732673700,1732674000,-1,92404.0,92945.40000000001,0.325,92945.20000000001,90866.40000000001,-175.95500000000285,42.1669885,0.0,-218.12198850000286,stop,,,
1733528700,1733550300,1,99935.3,99035.70000000001,0.218,99035.90000000001,101988.8,-196.1127999999981,30.3629746,-6.956130455399999,-233.4319050553981,stop,,,
