time,equity
1704153600,100000
1704240000,100000
1704326400,100000
1704412800,100000
1704499200,100000
1704585600,100000
1704672000,100000
1704758400,100000
1704844800,100000
1704931200,100000
1705017600,100000
1705104000,100000
1705190400,100000
1705276800,100000
1705363200,100000
1705449600,100000
1705536000,100000
1705622400,100000
1705708800,100000
1705795200,100000
1705881600,100000
1705968000,100000
1706054400,100000
1706140800,100000
1706227200,100000
1706313600,100000
1706400000,100000
1706486400,100000
1706572800,100000
1706659200,100000
1706745600,100000
1706832000,100000
1706918400,100000
1707004800,100000
1707091200,100000
1707177600,100000
1707264000,100000
1707350400,100000
1707436800,100000
1707523200,100000
1707609600,100000
1707696000,100000
1707782400,100000
1707868800,100000
1707955200,100000
1708041600,100000
1708128000,100000
1708214400,100000
1708300800,100000
1708387200,100000
1708473600,100000
1708560000,100000
1708646400,100000
1708732800,100000
1708819200,100000
1708905600,100000
1708992000,100000
1709078400,100000
1709164800,100000
1709251200,100000
1709337600,100000
1709424000,100000
1709510400,100000
1709596800,100000
1709683200,100000
1709769600,100000
1709856000,100000
1709942400,100000
1710028800,100000
1710115200,100000
1710201600,100000
1710288000,100000
1710374400,100000
1710460800,100000
1710547200,100000
1710633600,100000
1710720000,100000
1710806400,100000
1710892800,100000
1710979200,99790.49673302
1711065600,99790.49673302
1711152000,99577.38321382999
1711238400,99577.38321382999
1711324800,99577.38321382999
1711411200,99577.38321382999
1711497600,99577.38321382999
1711584000,99577.38321382999
1711670400,99577.38321382999
1711756800,99577.38321382999
1711843200,99577.38321382999
1711929600,99577.38321382999
1712016000,99577.38321382999
1712102400,99577.38321382999
1712188800,99577.38321382999
1712275200,99577.38321382999
1712361600,99577.38321382999
1712448000,99577.38321382999
1712534400,99577.38321382999
1712620800,99577.38321382999
1712707200,99577.38321382999
1712793600,99577.38321382999
1712880000,99577.38321382999
1712966400,99577.38321382999
1713052800,99577.38321382999
1713139200,99577.38321382999
1713225600,99577.38321382999
1713312000,99577.38321382999
1713398400,99577.38321382999
1713484800,99577.38321382999
1713571200,99577.38321382999
1713657600,99577.38321382999
1713744000,99577.38321382999
1713830400,99577.38321382999
1713916800,99577.38321382999
1714003200,99577.38321382999
1714089600,99577.38321382999
1714176000,99577.38321382999
1714262400,99577.38321382999
1714348800,99577.38321382999
1714435200,99362.89495744999
1714521600,99362.89495744999
1714608000,99362.89495744999
1714694400,99362.89495744999
1714780800,99362.89495744999
1714867200,99362.89495744999
1714953600,99362.89495744999
1715040000,99362.89495744999
1715126400,99362.89495744999
1715212800,99362.89495744999
1715299200,99362.89495744999
1715385600,99362.89495744999
1715472000,99362.89495744999
1715558400,99362.89495744999
1715644800,99362.89495744999
1715731200,99362.89495744999
1715817600,99362.89495744999
1715904000,99362.89495744999
1715990400,99362.89495744999
1716076800,99362.89495744999
1716163200,99362.89495744999
1716249600,99362.89495744999
1716336000,99362.89495744999
1716422400,99362.89495744999
1716508800,99362.89495744999
1716595200,99362.89495744999
1716681600,99362.89495744999
1716768000,99362.89495744999
1716854400,99362.89495744999
1716940800,99362.89495744999
1717027200,99362.89495744999
1717113600,99362.89495744999
1717200000,99362.89495744999
1717286400,99362.89495744999
1717372800,99362.89495744999
1717459200,99362.89495744999
1717545600,99362.89495744999
1717632000,99362.89495744999
1717718400,99362.89495744999
1717804800,99362.89495744999
1717891200,99362.89495744999
1717977600,99362.89495744999
1718064000,99362.89495744999
1718150400,99362.89495744999
1718236800,99362.89495744999
1718323200,99362.89495744999
1718409600,99362.89495744999
1718496000,99362.89495744999
1718582400,99362.89495744999
1718668800,99362.89495744999
1718755200,99362.89495744999
1718841600,99362.89495744999
1718928000,99362.89495744999
1719014400,99362.89495744999
1719100800,99362.89495744999
1719187200,99362.89495744999
1719273600,99362.89495744999
1719360000,99362.89495744999
1719446400,99362.89495744999
1719532800,99362.89495744999
1719619200,99362.89495744999
1719705600,99362.89495744999
1719792000,99362.89495744999
1719878400,99362.89495744999
1719964800,99362.89495744999
1720051200,99156.08567168999
1720137600,100004.77389920998
1720224000,100004.77389920998
1720310400,99818.74232920998
1720396800,99606.54107678999
1720483200,99398.00349923618
1720569600,99398.00349923618
1720656000,99398.00349923618
1720742400,99398.00349923618
1720828800,99398.00349923618
1720915200,99398.00349923618
1721001600,99398.00349923618
1721088000,99398.00349923618
1721174400,99398.00349923618
1721260800,99398.00349923618
1721347200,99398.00349923618
1721433600,99398.00349923618
1721520000,99398.00349923618
1721606400,99398.00349923618
1721692800,99398.00349923618
1721779200,99398.00349923618
1721865600,99398.00349923618
1721952000,99398.00349923618
1722038400,99398.00349923618
1722124800,99398.00349923618
1722211200,99398.00349923618
1722297600,99398.00349923618
1722384000,99398.00349923618
1722470400,99398.00349923618
1722556800,99398.00349923618
1722643200,99398.00349923618
1722729600,99398.00349923618
1722816000,99808.6616108098
1722902400,99808.6616108098
1722988800,99808.6616108098
1723075200,99808.6616108098
1723161600,99808.6616108098
1723248000,99808.6616108098
1723334400,99808.6616108098
1723420800,99808.6616108098
1723507200,99808.6616108098
1723593600,99808.6616108098
1723680000,99808.6616108098
1723766400,99808.6616108098
1723852800,99808.6616108098
1723939200,99808.6616108098
1724025600,99808.6616108098
1724112000,99808.6616108098
1724198400,99808.6616108098
1724284800,99808.6616108098
1724371200,99796.5848699541
1724457600,100198.75617110153
1724544000,100198.75617110153
1724630400,100198.75617110153
1724716800,100198.75617110153
1724803200,100198.75617110153
1724889600,100908.99676257132
1724976000,100908.99676257132
1725062400,100908.99676257132
1725148800,100908.99676257132
1725235200,101383.37780490132
1725321600,101165.65612296655
1725408000,101165.65612296655
1725494400,101165.65612296655
1725580800,101165.65612296655
1725667200,101165.65612296655
1725753600,101165.65612296655
1725840000,101165.65612296655
1725926400,101165.65612296655
1726012800,101165.65612296655
1726099200,101165.65612296655
1726185600,101165.65612296655
1726272000,101165.65612296655
1726358400,101165.65612296655
1726444800,101165.65612296655
1726531200,101165.65612296655
1726617600,101165.65612296655
1726704000,101165.65612296655
1726790400,101165.65612296655
1726876800,101165.65612296655
1726963200,101165.65612296655
1727049600,101165.65612296655
1727136000,101165.65612296655
1727222400,101165.65612296655
1727308800,101165.65612296655
1727395200,101165.65612296655
1727481600,101165.65612296655
1727568000,101165.65612296655
1727654400,101165.65612296655
1727740800,101165.65612296655
1727827200,101165.65612296655
1727913600,101165.65612296655
1728000000,101165.65612296655
1728086400,101165.65612296655
1728172800,101165.65612296655
1728259200,101165.65612296655
1728345600,101165.65612296655
1728432000,101165.65612296655
1728518400,101165.65612296655
1728604800,100949.22786396655
1728691200,100949.22786396655
1728777600,100949.22786396655
1728864000,100949.22786396655
1728950400,100949.22786396655
1729036800,100949.22786396655
1729123200,101326.77361769453
1729209600,101326.77361769453
1729296000,101326.77361769453
1729382400,101326.77361769453
1729468800,101326.77361769453
1729555200,101326.77361769453
1729641600,101326.77361769453
1729728000,101326.77361769453
1729814400,101307.16197989452
1729900800,101110.89503309452
1729987200,101110.89503309452
1730073600,101110.89503309452
1730160000,101110.89503309452
1730246400,101110.89503309452
1730332800,101110.89503309452
1730419200,101110.89503309452
1730505600,101110.89503309452
1730592000,101110.89503309452
1730678400,101518.34280039453
1730764800,101518.34280039453
1730851200,101518.34280039453
1730937600,101518.34280039453
1731024000,101518.34280039453
1731110400,101518.34280039453
1731196800,101518.34280039453
1731283200,101518.34280039453
1731369600,101518.34280039453
1731456000,101518.34280039453
1731542400,101518.34280039453
1731628800,101518.34280039453
1731715200,101518.34280039453
1731801600,101518.34280039453
1731888000,101518.34280039453
1731974400,101518.34280039453
1732060800,101518.34280039453
1732147200,101518.34280039453
1732233600,101907.89842158453
1732320000,101907.89842158453
1732406400,101683.55297838454
1732492800,101683.55297838454
1732579200,101683.55297838454
1732665600,102183.44827750455
1732752000,101964.65514442454
1732838400,101738.97674212798
1732924800,101738.97674212798
1733011200,101738.97674212798
1733097600,101738.97674212798
1733184000,101738.97674212798
1733270400,101738.97674212798
1733356800,101738.97674212798
1733443200,101738.97674212798
1733529600,101694.77621534799
1733616000,101505.5448370726
1733702400,101505.5448370726
1733788800,101505.5448370726
1733875200,101505.5448370726
1733961600,101505.5448370726
1734048000,101505.5448370726
1734134400,101505.5448370726
1734220800,101505.5448370726
1734307200,101505.5448370726
1734393600,101597.97633467258
1734480000,102288.26090734919
1734566400,102288.26090734919
1734652800,102288.26090734919
1734739200,102288.26090734919
1734825600,102288.26090734919
1734912000,102288.26090734919
1734998400,102288.26090734919
1735084800,102288.26090734919
1735171200,102288.26090734919
1735257600,102288.26090734919
1735344000,102288.26090734919
1735430400,102288.26090734919
1735516800,102288.26090734919
1735603200,102288.26090734919
1735689600,102288.26090734919
1735776000,102288.26090734919
1735862400,102288.26090734919
1735948800,102288.26090734919
1736035200,102288.26090734919
1736121600,102288.26090734919
1736208000,102874.0716970892
1736294400,102874.0716970892
1736380800,102874.0716970892
1736467200,102874.0716970892
1736553600,102874.0716970892
1736640000,102874.0716970892
1736726400,102874.0716970892
1736812800,102874.0716970892
1736899200,102874.0716970892
1736985600,102874.0716970892
1737072000,102874.0716970892
1737158400,102874.0716970892
1737244800,102874.0716970892
1737331200,102874.0716970892
1737417600,102874.0716970892
1737504000,102874.0716970892
1737590400,102874.0716970892
1737676800,102874.0716970892
1737763200,102874.0716970892
1737849600,102874.0716970892
1737936000,102874.0716970892
1738022400,102874.0716970892
1738108800,102874.0716970892
1738195200,102874.0716970892
1738281600,102874.0716970892
1738368000,102874.0716970892
1738454400,102874.0716970892
1738540800,102874.0716970892
1738627200,102874.0716970892
1738713600,102874.0716970892
1738800000,102874.0716970892
1738886400,102874.0716970892
1738972800,102874.0716970892
1739059200,102874.0716970892
1739145600,102874.0716970892
1739232000,102874.0716970892
1739318400,102874.0716970892
1739404800,102874.0716970892
1739491200,102874.0716970892
1739577600,102874.0716970892
1739664000,102874.0716970892
1739750400,102874.0716970892
1739836800,102874.0716970892
1739923200,102874.0716970892
1740009600,102874.0716970892
1740096000,102874.0716970892
1740182400,102874.0716970892
1740268800,102874.0716970892
1740355200,102874.0716970892
1740441600,102874.0716970892
1740528000,102874.0716970892
1740614400,102874.0716970892
1740700800,102874.0716970892
1740787200,102874.0716970892
1740873600,102874.0716970892
1740960000,102874.0716970892
1741046400,102874.0716970892
1741132800,102874.0716970892
1741219200,102874.0716970892
1741305600,102874.0716970892
1741392000,102874.0716970892
1741478400,102874.0716970892
1741564800,102874.0716970892
1741651200,102874.0716970892
1741737600,102874.0716970892
1741824000,102662.24480003919
1741910400,102662.24480003919
1741996800,102662.24480003919
1742083200,102662.24480003919
1742169600,102662.24480003919
1742256000,102662.24480003919
1742342400,102662.24480003919
1742428800,102662.24480003919
1742515200,102441.90861163779
1742601600,102441.90861163779
1742688000,102441.90861163779
1742774400,102441.90861163779
1742860800,102441.90861163779
1742947200,102441.90861163779
1743033600,102441.90861163779
1743120000,102441.90861163779
1743206400,102441.90861163779
1743292800,102441.90861163779
1743379200,102441.90861163779
1743465600,102441.90861163779
1743552000,102441.90861163779
1743638400,102441.90861163779
1743724800,102441.90861163779
1743811200,102441.90861163779
1743897600,102441.90861163779
1743984000,102441.90861163779
1744070400,102441.90861163779
1744156800,102441.90861163779
1744243200,102441.90861163779
1744329600,102441.90861163779
1744416000,102441.90861163779
1744502400,102441.90861163779
1744588800,102441.90861163779
1744675200,102441.90861163779
1744761600,102441.90861163779
1744848000,102441.90861163779
1744934400,102441.90861163779
1745020800,102441.90861163779
1745107200,102441.90861163779
1745193600,102441.90861163779
1745280000,102441.90861163779
1745366400,102441.90861163779
1745452800,102441.90861163779
1745539200,102441.90861163779
1745625600,102441.90861163779
1745712000,102441.90861163779
1745798400,102441.90861163779
1745884800,102441.90861163779
1745971200,102441.90861163779
1746057600,102441.90861163779
1746144000,102441.90861163779
1746230400,102441.90861163779
1746316800,102441.90861163779
1746403200,102441.90861163779
1746489600,102441.90861163779
1746576000,102441.90861163779
1746662400,102441.90861163779
1746748800,102441.90861163779
1746835200,102441.90861163779
1746921600,102441.90861163779
1747008000,102441.90861163779
1747094400,102441.90861163779
1747180800,102441.90861163779
1747267200,102441.90861163779
1747353600,102441.90861163779
1747440000,102441.90861163779
1747526400,102441.90861163779
1747612800,102441.90861163779
1747699200,102441.90861163779
1747785600,102441.90861163779
1747872000,102441.90861163779
1747958400,102441.90861163779
1748044800,102441.90861163779
1748131200,102441.90861163779
1748217600,102441.90861163779
1748304000,102441.90861163779
1748390400,102441.90861163779
1748476800,102441.90861163779
1748563200,102441.90861163779
1748649600,102441.90861163779
1748736000,102441.90861163779
1748822400,102441.90861163779
1748908800,102441.90861163779
1748995200,102441.90861163779
1749081600,102441.90861163779
1749168000,102441.90861163779
1749254400,102441.90861163779
1749340800,102441.90861163779
1749427200,102441.90861163779
1749513600,102441.90861163779
1749600000,102441.90861163779
1749686400,102441.90861163779
1749772800,102441.90861163779
1749859200,102441.90861163779
1749945600,102441.90861163779
1750032000,102441.90861163779
1750118400,102441.90861163779
1750204800,102441.90861163779
1750291200,102441.90861163779
1750377600,102441.90861163779
1750464000,102441.90861163779
1750550400,102441.90861163779
1750636800,102441.90861163779
1750723200,102441.90861163779
1750809600,102441.90861163779
1750896000,102441.90861163779
1750982400,102441.90861163779
1751068800,102441.90861163779
1751155200,102441.90861163779
1751241600,102441.90861163779
1751328000,102441.90861163779
1751414400,102441.90861163779
1751500800,102441.90861163779
1751587200,102441.90861163779
1751673600,102441.90861163779
1751760000,102441.90861163779
1751846400,102441.90861163779
1751932800,102441.90861163779
1752019200,102441.90861163779
1752105600,102441.90861163779
1752192000,102441.90861163779
1752278400,102441.90861163779
1752364800,102441.90861163779
1752451200,102441.90861163779
1752537600,102441.90861163779
1752624000,102441.90861163779
1752710400,102441.90861163779
1752796800,102441.90861163779
1752883200,102441.90861163779
1752969600,102441.90861163779
1753056000,102441.90861163779
1753142400,102206.73571203779
1753228800,102206.73571203779
1753315200,102206.73571203779
1753401600,102206.73571203779
1753488000,102206.73571203779
1753574400,102206.73571203779
1753660800,102206.73571203779
1753747200,102206.73571203779
1753833600,102206.73571203779
1753920000,101996.81809765779
1754006400,101996.81809765779
1754092800,101996.81809765779
1754179200,101996.81809765779
1754265600,101996.81809765779
1754352000,101996.81809765779
1754438400,101996.81809765779
1754524800,101996.81809765779
1754611200,101996.81809765779
1754697600,101996.81809765779
1754784000,101996.81809765779
1754870400,101996.81809765779
1754956800,101996.81809765779
1755043200,101996.81809765779
1755129600,101996.81809765779
1755216000,101996.81809765779
1755302400,101996.81809765779
1755388800,101996.81809765779
1755475200,101996.81809765779
1755561600,101996.81809765779
1755648000,101996.81809765779
1755734400,101996.81809765779
1755820800,101996.81809765779
1755907200,101996.81809765779
1755993600,101996.81809765779
1756080000,101996.81809765779
1756166400,101996.81809765779
1756252800,101996.81809765779
1756339200,101996.81809765779
1756425600,101996.81809765779
1756512000,101996.81809765779
1756598400,101996.81809765779
1756684800,101996.81809765779
1756771200,101996.81809765779
1756857600,101996.81809765779
1756944000,101996.81809765779
1757030400,101996.81809765779
1757116800,101996.81809765779
1757203200,101996.81809765779
1757289600,101996.81809765779
1757376000,101996.81809765779
1757462400,101996.81809765779
1757548800,101996.81809765779
1757635200,101996.81809765779
1757721600,101996.81809765779
1757808000,101996.81809765779
1757894400,101996.81809765779
1757980800,101996.81809765779
1758067200,101996.81809765779
1758153600,101996.81809765779
1758240000,101996.81809765779
1758326400,101996.81809765779
1758412800,101996.81809765779
1758499200,101996.81809765779
1758585600,101996.81809765779
1758672000,101996.81809765779
1758758400,101996.81809765779
1758844800,101996.81809765779
1758931200,101996.81809765779
1759017600,101996.81809765779
1759104000,101996.81809765779
1759190400,101996.81809765779
1759276800,101996.81809765779
1759363200,101996.81809765779
1759449600,101996.81809765779
1759536000,101996.81809765779
1759622400,101996.81809765779
1759708800,101996.81809765779
1759795200,101996.81809765779
1759881600,101996.81809765779
1759968000,101996.81809765779
1760054400,101996.81809765779
1760140800,101996.81809765779
1760227200,101996.81809765779
1760313600,101996.81809765779
1760400000,101996.81809765779
1760486400,101996.81809765779
1760572800,101996.81809765779
1760659200,101996.81809765779
1760745600,101996.81809765779
1760832000,101996.81809765779
1760918400,101996.81809765779
1761004800,101996.81809765779
1761091200,101996.81809765779
1761177600,101996.81809765779
1761264000,101996.81809765779
1761350400,101996.81809765779
1761436800,101996.81809765779
1761523200,101996.81809765779
1761609600,101996.81809765779
1761696000,101996.81809765779
1761782400,101996.81809765779
1761868800,101996.81809765779
1761955200,101996.81809765779
1762041600,101996.81809765779
1762128000,101996.81809765779
1762214400,101996.81809765779
1762300800,101996.81809765779
1762387200,101996.81809765779
1762473600,101996.81809765779
1762560000,101996.81809765779
1762646400,101996.81809765779
1762732800,101996.81809765779
1762819200,101996.81809765779
1762905600,101996.81809765779
1762992000,101996.81809765779
1763078400,101996.81809765779
1763164800,101996.81809765779
1763251200,101996.81809765779
1763337600,101996.81809765779
1763424000,101996.81809765779
1763510400,101996.81809765779
1763596800,101996.81809765779
1763683200,101996.81809765779
1763769600,101996.81809765779
1763856000,101996.81809765779
1763942400,101996.81809765779
1764028800,101996.81809765779
1764115200,101996.81809765779
1764201600,101996.81809765779
1764288000,101996.81809765779
1764374400,101996.81809765779
1764460800,101996.81809765779
1764547200,101996.81809765779
1764633600,101996.81809765779
1764720000,101996.81809765779
1764806400,101996.81809765779
1764892800,101996.81809765779
1764979200,101996.81809765779
1765065600,101996.81809765779
1765152000,101996.81809765779
1765238400,101996.81809765779
1765324800,101996.81809765779
1765411200,101996.81809765779
1765497600,101996.81809765779
1765584000,101996.81809765779
1765670400,101996.81809765779
1765756800,101996.81809765779
1765843200,101996.81809765779
1765929600,101996.81809765779
1766016000,101996.81809765779
1766102400,101996.81809765779
1766188800,101996.81809765779
1766275200,101996.81809765779
1766361600,101996.81809765779
1766448000,101996.81809765779
1766534400,101996.81809765779
1766620800,101996.81809765779
1766707200,101996.81809765779
1766793600,101996.81809765779
1766880000,101996.81809765779
1766966400,101996.81809765779
1767052800,101996.81809765779
1767139200,101996.81809765779
1767225600,101996.81809765779
1767312000,101996.81809765779
1767398400,101996.81809765779
1767484800,101996.81809765779
1767571200,101996.81809765779
1767657600,102414.52018549424
1767744000,102414.52018549424
1767830400,102414.52018549424
1767916800,102414.52018549424
1768003200,102414.52018549424
1768089600,102414.52018549424
1768176000,102414.52018549424
1768262400,102414.52018549424
1768348800,102414.52018549424
1768435200,102414.52018549424
1768521600,102414.52018549424
1768608000,102414.52018549424
1768694400,102414.52018549424
1768780800,102414.52018549424
1768867200,102414.52018549424
1768953600,102414.52018549424
1769040000,102414.52018549424
1769126400,102414.52018549424
1769212800,102414.52018549424
1769299200,102414.52018549424
1769385600,102187.55618781423
1769472000,102187.55618781423
1769558400,102187.55618781423
1769644800,102187.55618781423
1769731200,102187.55618781423
1769817600,102187.55618781423
1769904000,102187.55618781423
1769990400,102187.55618781423
1770076800,102187.55618781423
1770163200,102187.55618781423
1770249600,102187.55618781423
1770336000,102710.12136721423
1770422400,102495.66662697424
1770508800,102495.66662697424
1770595200,102495.66662697424
1770681600,102495.66662697424
1770768000,102495.66662697424
1770854400,102495.66662697424
1770940800,102495.66662697424
1771027200,102277.5412860938
1771113600,102277.5412860938
1771200000,102277.5412860938
1771286400,102277.5412860938
1771372800,102277.5412860938
1771459200,102277.5412860938
1771545600,103028.87684175282
1771632000,103028.87684175282
1771718400,103028.87684175282
1771804800,103028.87684175282
1771891200,103028.87684175282
1771977600,103028.87684175282
1772064000,103028.87684175282
1772150400,103028.87684175282
1772236800,103028.87684175282
1772323200,103028.87684175282
1772409600,103028.87684175282
1772496000,103028.87684175282
1772582400,103028.87684175282
1772668800,103028.87684175282
1772755200,103028.87684175282
1772841600,103028.87684175282
1772928000,103028.87684175282
1773014400,103028.87684175282
1773100800,103028.87684175282
1773187200,103028.87684175282
1773273600,103028.87684175282
1773360000,103028.87684175282
1773446400,103028.87684175282
1773532800,103028.87684175282
1773619200,103028.87684175282
1773705600,103028.87684175282
1773792000,103028.87684175282
1773878400,103028.87684175282
1773964800,103028.87684175282
1774051200,103028.87684175282
1774137600,103028.87684175282
1774224000,103028.87684175282
1774310400,103028.87684175282
1774396800,103028.87684175282
1774483200,103028.87684175282
1774569600,103028.87684175282
1774656000,103028.87684175282
1774742400,103028.87684175282
1774828800,103028.87684175282
1774915200,103028.87684175282
1775001600,103028.87684175282
1775088000,103028.87684175282
1775174400,103028.87684175282
1775260800,103028.87684175282
1775347200,103028.87684175282
1775433600,103028.87684175282
1775520000,103028.87684175282
1775606400,103028.87684175282
1775692800,103028.87684175282
1775779200,103028.87684175282
1775865600,103028.87684175282
1775952000,103028.87684175282
1776038400,103028.87684175282
1776124800,103028.87684175282
1776211200,103028.87684175282
1776297600,103028.87684175282
1776384000,102810.61559136701
1776470400,102810.61559136701
1776556800,102810.61559136701
1776643200,102810.61559136701
1776729600,102810.61559136701
1776816000,102810.61559136701
1776902400,102810.61559136701
1776988800,102810.61559136701
1777075200,102810.61559136701
1777161600,102810.61559136701
1777248000,102810.61559136701
1777334400,102810.61559136701
1777420800,102810.61559136701
1777507200,102810.61559136701
1777593600,102810.61559136701
1777680000,102810.61559136701
1777766400,102810.61559136701
1777852800,102810.61559136701
1777939200,102810.61559136701
1778025600,103352.43140586703
1778112000,103352.43140586703
1778198400,103352.43140586703
1778284800,103352.43140586703
1778371200,103352.43140586703
1778457600,103352.43140586703
1778544000,103352.43140586703
1778630400,103352.43140586703
1778716800,103352.43140586703
1778803200,103352.43140586703
1778889600,103352.43140586703
1778976000,103352.43140586703
1779062400,103352.43140586703
1779148800,103352.43140586703
1779235200,103352.43140586703
1779321600,103352.43140586703
1779408000,103352.43140586703
1779494400,103352.43140586703
1779580800,103352.43140586703
1779667200,103352.43140586703
1779753600,103352.43140586703
1779840000,103352.43140586703
1779926400,103352.43140586703
1780012800,103352.43140586703
1780099200,103352.43140586703
1780185600,103352.43140586703
1780272000,103352.43140586703
1780358400,103352.43140586703
1780444800,103352.43140586703
1780531200,103352.43140586703
1780617600,103352.43140586703
1780704000,103352.43140586703
1780790400,103352.43140586703
1780876800,103352.43140586703
1780963200,103352.43140586703
1781049600,103476.40210341704
1781136000,103955.5532866736
1781222400,103955.5532866736
1781308800,103955.5532866736
1781395200,103955.5532866736
1781481600,103955.5532866736
1781568000,103955.5532866736
1781654400,103955.5532866736
1781740800,103955.5532866736
1781827200,103955.5532866736
1781913600,103955.5532866736
1782000000,103955.5532866736
1782086400,103955.5532866736
1782172800,103955.5532866736
1782259200,103955.5532866736
1782345600,103955.5532866736
1782432000,103955.5532866736
1782518400,103955.5532866736
1782604800,103955.5532866736
1782691200,103955.5532866736
1782777600,103955.5532866736
1782864000,103955.5532866736
1782950400,103955.5532866736
1783036800,103955.5532866736
1783123200,103955.5532866736
1783209600,103955.5532866736
1783296000,103955.5532866736
1783382400,103955.5532866736
1783468800,103955.5532866736
1783555200,103955.5532866736
1783641600,103955.5532866736
1783728000,103955.5532866736
1783814400,103955.5532866736
1783900800,103955.5532866736
1783987200,103955.5532866736
1784073600,103955.5532866736
1784160000,103955.5532866736
1784246400,103955.5532866736
1784332800,103955.5532866736
1784419200,103955.5532866736
1784505600,103955.5532866736
1784592000,103955.5532866736
1784678400,103955.5532866736
1784764800,103955.5532866736
1784851200,103955.5532866736
1784937600,103955.5532866736
1785024000,103955.5532866736
1785110400,103955.5532866736
1785196800,103955.5532866736
1785283200,103955.5532866736
1785369600,103955.5532866736
1785456000,103955.5532866736
1785542400,103955.5532866736
1785628800,103955.5532866736
1785715200,103955.5532866736
1785801600,103955.5532866736
1785888000,103955.5532866736
1785974400,103955.5532866736
1786060800,103955.5532866736
1786147200,103955.5532866736
1786233600,103955.5532866736
1786320000,103955.5532866736
1786406400,103955.5532866736
1786492800,103955.5532866736
1786579200,103955.5532866736
1786665600,103955.5532866736
1786752000,103955.5532866736
1786838400,103955.5532866736
1786924800,103955.5532866736
1787011200,103955.5532866736
1787097600,103955.5532866736
1787184000,103955.5532866736
1787270400,103955.5532866736
1787356800,103955.5532866736
1787443200,103955.5532866736
1787529600,103955.5532866736
1787616000,103955.5532866736
1787702400,103955.5532866736
1787788800,103955.5532866736
1787875200,103955.5532866736
1787961600,103955.5532866736
1788048000,103955.5532866736
1788134400,103955.5532866736
1788220800,103955.5532866736
1788307200,103955.5532866736
1788393600,103955.5532866736
1788480000,103955.5532866736
1788566400,103955.5532866736
1788652800,103955.5532866736
1788739200,103955.5532866736
1788825600,103955.5532866736
1788912000,103955.5532866736
1788998400,103955.5532866736
1789084800,103955.5532866736
1789171200,103955.5532866736
1789257600,103955.5532866736
1789344000,103955.5532866736
1789430400,103955.5532866736
1789516800,103955.5532866736
1789603200,103955.5532866736
1789689600,103955.5532866736
1789776000,103955.5532866736
1789862400,103955.5532866736
1789948800,103955.5532866736
1790035200,103955.5532866736
1790121600,103955.5532866736
1790208000,103955.5532866736
1790294400,103955.5532866736
1790380800,103955.5532866736
1790467200,103955.5532866736
1790553600,103955.5532866736
1790640000,103955.5532866736
1790726400,103955.5532866736
1790812800,103955.5532866736
