entry_time,exit_time,direction,branch,entry,exit,quantity,initial_stop,exit_stop,gross,fees,funding,net,exit_reason,fill_modeled_risk_percent
1609574400,1609753200,1,channel,29778.97,30527.7,0.152,28353.800000000003,30527.9,113.80695999999993,6.416629688,-45.3699904521864,62.02033985981353,stop,0.24991741019825842
1609977600,1610280300,1,channel,36825.969999999994,38654.700000000004,0.07,33727.1,38654.9,128.01110000000074,3.6985528300000006,-33.98887890748001,90.32366826252073,stop,0.2473472739299476
1610380800,1610433000,-1,channel,31618.29,36340.4,0.046,36340.200000000004,36340.200000000004,-217.21706000000003,2.188269818,0.5460441039631999,-218.85928571403684,stop,0.24618898753776608
1610640000,1610725800,1,channel,39581.159999999996,35761.9,0.054,35544.9,35762.1,-206.2400399999997,2.847967668,-2.5173884592594,-211.6053961272591,stop,0.24822787668508398
1611230400,1611545700,-1,channel,32246.94,33128.6,0.075,35158.4,33128.4,-66.12449999999998,3.4322158499999995,3.9496268140425,-65.60708903595747,stop,0.24991476590815248
1611590400,1611613500,1,channel,34509.21,32045.7,0.088,32045.9,32045.9,-216.78887999999984,4.099782456,0.0,-220.88866245599982,stop,0.24884152979450647
1611748800,1611859500,-1,channel,30646.95,32562.500000000004,0.092,32996.0,32562.300000000003,-176.23060000000027,4.070688580000001,1.499628179416,-178.80166040058427,stop,0.24866287719925032
1611921600,1611949500,1,channel,37069.64,33819.700000000004,0.067,33819.9,33819.9,-217.7459799999997,3.324710046,-4.1544106508457,-225.22510069684537,stop,0.2501304240328296
1612296000,1612714500,1,channel,35805.829999999994,37599.700000000004,0.089,33398.0,37599.9,159.65443000000087,4.573164519,-39.4023351471313,115.67893033386954,stop,0.24782721700180774
1612800000,1613355600,1,channel,43786.009999999995,46251.8,0.073,40855.5,46252.0,180.0026700000006,4.600932091,-84.05826215443219,91.3434757545684,stop,0.24712771441914222
1613548800,1613988600,1,channel,51188.909999999996,53904.700000000004,0.07100000000000001,48160.0,53904.9,192.8210900000006,5.223152417000001,-69.1545695133792,118.4433680696214,stop,0.24872789016531544
1614081600,1614139500,-1,channel,46386.21000000001,51205.4,0.045,51205.200000000004,51205.200000000004,-216.86354999999978,3.074135715,0.5108344508025,-219.4268512641973,stop,0.2487040012316187
1614528000,1614591900,-1,channel,43424.590000000004,47487.9,0.053,47487.700000000004,47487.700000000004,-215.35542999999987,3.3728533790000004,0.6504954106631999,-218.07778796833668,stop,0.24779410577491282
1614614400,1614881700,1,channel,49184.71,48110.3,0.057,45407.700000000004,48110.5,-61.24136999999978,3.8820708990000004,-3.5530675578858006,-68.67650845688559,stop,0.24868359362060066
1615248000,1615789800,1,channel,52429.63,58769.700000000004,0.081,49784.5,58769.9,513.5456700000005,6.305002011000001,-58.554917704793716,448.68575028420685,stop,0.24973297023146834
1615867200,1616006400,-1,channel,54329.950000000004,57238.3,0.059000000000000004,57963.3,57238.100000000006,-171.59264999999994,4.607768725000001,5.129699622305,-171.07071910269494,stop,0.2475578958955865
1616328000,1616587200,-1,channel,56296.21000000001,56700.3,0.078,59031.4,56700.100000000006,-31.519019999999728,6.169609446000001,13.954075126508402,-23.73455431949133,stop,0.24850450952362613
1616630400,1616776200,-1,channel,52307.69,53850.3,0.07100000000000001,55303.5,53850.100000000006,-109.52531000000005,5.276052103000001,2.0756390346000004,-112.72572306840004,stop,0.2468423920679018
1617019200,1617177900,1,channel,57892.53,57106.700000000004,0.083,55329.3,57106.9,-65.22388999999954,6.681455263000001,-15.1503626335132,-87.05570789651274,stop,0.2484648573245621
1617336000,1617470400,1,channel,59980.2,58489.700000000004,0.089,57599.700000000004,58489.9,-132.65449999999936,7.38067477,-25.3630106909837,-165.3981854609831,stop,0.24842683989668488
1617494400,1617632700,-1,channel,57134.450000000004,58657.4,0.1,59245.700000000004,58657.200000000004,-152.2949999999997,8.105429500000001,9.108179090170001,-151.2922504098297,stop,0.248836100040587
1617796800,1617926400,-1,channel,56373.840000000004,58200.3,0.1,58485.9,58200.100000000006,-182.64599999999993,8.0201898,9.396661476970001,-181.26952832302993,stop,0.24916857476437787
1618027200,1618552800,1,channel,59286.21,61403.700000000004,0.109,57363.100000000006,61403.9,230.80641000000057,9.208640133,-123.1475182428448,98.45025162415578,stop,0.24872457634510106
1618718400,1619400600,-1,channel,54849.270000000004,51047.2,0.058,58538.3,51047.0,220.52006000000043,4.299396682,11.895976739340002,228.11664005734042,stop,0.24905696622969822
1619438400,1619671200,1,channel,53592.2,53851.700000000004,0.064,50243.4,53851.9,16.608000000000466,4.81348672,-2.7877400320000003,9.006773248000465,stop,0.24894238206290303
1619798400,1619947200,1,channel,57139.34,56199.700000000004,0.079,54439.4,56199.9,-74.23155999999938,6.267648912,-5.1912626385341,-85.69047155053347,stop,0.24928291582194148
1620028800,1620076200,1,channel,58847.57,56532.3,0.091,56532.5,56532.5,-210.6895699999997,7.349697719,-3.5330431222541,-221.5723108412538,stop,0.2476939260205147
1620100800,1620230100,-1,channel,55518.94,57650.3,0.084,58043.9,57650.100000000006,-179.03424000000007,6.654351312,7.5369896032199994,-178.15160170878005,stop,0.2492168852618926
1620864000,1621859400,-1,channel,49596.55,38355.6,0.059000000000000004,53217.200000000004,38355.4,663.2160500000003,3.6324237950000002,12.954234256225602,672.537860461226,stop,0.24893536873172614
1622016000,1622180400,1,channel,40436.2,37132.9,0.052000000000000005,36294.200000000004,37133.1,-171.77159999999978,2.8235152400000003,-1.0113441520000002,-175.60645939199978,stop,0.24777172103876932
1622203200,1622455200,-1,channel,35374.12,36501.299999999996,0.062,38845.5,36501.1,-69.88515999999957,3.119393228,1.9960215868749998,-71.00853164112456,stop,0.24846885207226674
1622649600,1622783400,1,channel,38032.869999999995,37065.700000000004,0.08700000000000001,35580.3,37065.9,-84.14378999999923,4.5735029130000004,-1.3397658960000003,-90.05705880899923,stop,0.24782477014255963
1623110400,1623250800,-1,channel,33550.770000000004,35712.2,0.099,35712.0,35712.0,-213.98156999999932,4.799923821,0.4947638443110002,-218.28672997668832,stop,0.24904777144476156
1623283200,1623464400,1,channel,37370.189999999995,35749.700000000004,0.08,34686.1,35749.9,-129.63919999999925,4.09471384,-0.7526630082880001,-134.48657684828729,stop,0.24967568769586
1623628800,1623841200,1,channel,38993.86,39291.600000000006,0.092,36691.6,39291.8,27.392080000000483,5.041583624000001,-2.0222648797423997,20.328231496258084,stop,0.2475489786176701
1623960000,1624408800,-1,channel,37682.08,33555.299999999996,0.10400000000000001,39724.100000000006,33555.1,429.18512000000067,5.186081264,-0.4487244082255999,423.5503143277751,stop,0.24892083880401145
1624694400,1624766400,-1,channel,30699.8,33282.2,0.083,33282.0,33282.0,-214.33919999999983,3.7173542,-0.9023807431761,-218.95893494317593,stop,0.24812670647602644
1624968000,1625067900,1,channel,35544.619999999995,34101.700000000004,0.094,33265.9,34101.9,-135.63447999999914,4.582727856,-0.8009947448975999,-141.01820260089673,stop,0.24936461966876278
1625385600,1625457000,1,channel,35566.189999999995,34250.700000000004,0.132,33955.6,34250.9,-173.64467999999877,6.451080636,-0.6731145402959999,-180.76887517629478,stop,0.2498314547611163
1625731200,1625866500,-1,channel,32473.46,33700.299999999996,0.137,34019.5,33700.1,-168.07707999999954,6.3460635839999995,-3.4026319184429,-177.82577550244244,stop,0.24929326779345537
1626048000,1626105600,1,channel,34254.079999999994,33300.700000000004,0.17400000000000002,33044.9,33300.9,-165.88811999999828,8.228172204,-0.7866265551192002,-174.90291875911748,stop,0.2500435668314077
1626235200,1626287700,-1,channel,31807.809999999998,33094.2,0.163,33094.0,33094.0,-209.6815699999999,7.405319341,-0.5593420228575,-217.6462313638574,stop,0.24881855969514083
1626436800,1626571800,-1,channel,31080.43,32245.300000000003,0.17200000000000001,32297.4,32245.100000000002,-200.35764000000046,7.624417892000001,1.0346040199720001,-206.94745387202846,stop,0.24922648119042684
1626710400,1626861300,-1,channel,30672.79,31050.300000000003,0.18,31834.100000000002,31050.100000000002,-67.95180000000036,7.77710934,-5.957858687526,-81.68676802752637,stop,0.24968484871480456
1627084800,1627635000,1,channel,33631.939999999995,38752.700000000004,0.164,32364.0,38752.9,839.8046400000015,8.309756671999999,1.3671606945375994,832.8620440225392,stop,0.24837341986051653
1627689600,1627834500,1,channel,42202.799999999996,41029.8,0.08700000000000001,39776.5,41030.0,-102.05099999999938,5.06886534,-1.8054596700000003,-108.92532500999938,stop,0.24716016703631333
1627963200,1628100300,-1,channel,38651.83,39775.3,0.10200000000000001,40719.200000000004,39775.100000000006,-114.59394000000013,5.5996970820000005,1.6092267827280002,-118.58441029927214,stop,0.2478803018366444
1628193600,1628768700,1,channel,40694.39,44669.700000000004,0.097,38519.6,44669.9,385.60507000000047,5.796221711000001,-8.60029257,371.20855571900046,stop,0.2479722911065177
1628899200,1629013500,1,channel,47792.719999999994,45999.700000000004,0.109,45854.4,45999.9,-195.43917999999886,7.156361646,-1.5441511160000003,-204.13969276199884,stop,0.24920630063273974
1629244800,1629397500,-1,channel,44704.65,46050.3,0.10300000000000001,46752.0,46050.100000000006,-138.60195000000016,6.543431894999999,2.3275305520000007,-142.81785134300014,stop,0.24870273169296414
1629475200,1629644400,1,channel,48751.189999999995,48249.700000000004,0.10300000000000001,46714.4,48249.9,-51.65346999999905,6.993764169,-3.373855895543,-62.02109006454205,stop,0.2481283571227134
1629691200,1629812700,1,channel,50307.02,48440.8,0.112,48441.0,48441.0,-209.0166399999993,7.741829087999999,-5.7164462520704005,-222.4749153400697,stop,0.2482336000626878
1629849600,1630095900,-1,channel,47719.170000000006,48588.1,0.121,49449.3,48587.9,-105.14052999999915,8.157225769,5.2987450072315,-107.99901076176765,stop,0.24970875712121293
1630555200,1631023200,1,channel,49617.1,50499.700000000004,0.11800000000000001,47855.100000000006,50499.9,104.1468000000007,8.269647680000002,-22.702395380136803,73.17475693986388,stop,0.24815112638920633
1631030400,1631206500,-1,channel,46640.350000000006,47347.3,0.074,49491.100000000006,47347.100000000006,-52.31429999999978,4.868560270000001,2.052728846,-55.13013142399978,stop,0.2482721029649919
1631664000,1631902200,1,channel,47087.38,47037.90000000001,0.108,45143.5,47038.100000000006,-5.3438399999987745,7.115871168,-4.134937032,-16.594648199998772,stop,0.24932876339917315
1631952000,1632090000,1,channel,48621.799999999996,47049.700000000004,0.127,46977.3,47049.9,-199.6566999999989,8.505196349999999,-2.445012255,-210.6069086049989,stop,0.249688955163816
1632110400,1632333600,-1,channel,45552.72,43629.9,0.123,47245.200000000004,43629.700000000004,236.50685999999996,7.678623582,4.2371614410000005,233.06539785899997,stop,0.24892286122286134
1633075200,1633359600,1,channel,44754.18,47070.90000000001,0.10400000000000001,42737.200000000004,47071.100000000006,240.9388800000009,6.684865824000001,-3.7159359708328004,230.5380782051681,stop,0.24849435982332865
1633377600,1634068800,1,channel,49368.59,55151.00000000001,0.106,47399.200000000004,55151.200000000004,612.9354600000012,7.755353578,-18.343088621520394,586.8370178004809,stop,0.24766434062177406
1634184000,1634500800,1,channel,58117.99,60219.700000000004,0.081,55510.700000000004,60219.9,170.23851000000053,6.709747023,-16.2008504432109,147.32791253378966,stop,0.24812476265867867
1634673600,1634826000,1,channel,64220.189999999995,63518.50000000001,0.077,61461.9,63518.700000000004,-54.030129999999055,6.885115390999999,-10.617710279561,-71.53295567056006,stop,0.2494572185940024
1634918400,1635123300,-1,channel,60744.350000000006,61780.3,0.069,63836.200000000004,61780.100000000006,-71.48054999999981,5.917940595000001,8.712257435321101,-68.68623315967871,stop,0.24994777049696104
1635336000,1635414600,-1,channel,58615.46000000001,61093.9,0.085,61093.700000000004,61093.700000000004,-210.6673999999996,7.122706920000001,2.4269930507085005,-215.3631138692911,stop,0.248181590483641
1635854400,1635962400,1,channel,62989.86,60659.200000000004,0.083,60445.4,60659.4,-193.4447799999997,7.184010386000001,-10.786436548740904,-211.41522693474062,stop,0.24939461343377456
1636329600,1636577400,1,channel,63316.6,65849.70000000001,0.114,61490.200000000004,65849.90000000001,288.7734000000015,10.307470740000001,-31.132226908878,247.33370235112346,stop,0.24936658866356645
1636934400,1637010000,1,channel,65568.58,63639.700000000004,0.097,63403.100000000006,63639.9,-187.10135999999974,8.773242212,-3.8790409720094994,-199.75364318400923,stop,0.24961837614917665
1637035200,1637432400,-1,channel,60943.48,58980.3,0.088,63339.4,58980.100000000006,172.75984000000003,7.387304847999999,7.482541292556001,172.855076444556,stop,0.2499062617449946
1637611200,1637800800,-1,channel,56008.05,57888.3,0.078,58709.200000000004,57888.100000000006,-146.6595,6.2187407100000005,3.5172569989283993,-149.3609837110716,stop,0.2478741660935901
1637928000,1638134400,-1,channel,53766.15,55300.3,0.081,56382.200000000004,55300.100000000006,-124.26615000000012,6.184067714999999,3.1224163207104,-127.32780139428972,stop,0.2496202160281037
1638561600,1638827100,-1,channel,53884.15,49666.3,0.083,56413.200000000004,49666.100000000006,350.0815499999999,6.016281145000001,3.1280811666253,347.1933500216252,stop,0.24782628596547263
1639180800,1639314300,-1,channel,47132.11,49684.9,0.076,49912.3,49684.700000000004,-194.01204000000007,5.150664932,1.4850761,-197.6776288320001,stop,0.24722548841022618
1639339200,1639382700,1,channel,50214.869999999995,48369.700000000004,0.091,47905.700000000004,48369.9,-167.91046999999918,6.279837109,-0.898971164,-175.08927827299917,stop,0.24754608656821916
1639425600,1639594800,-1,channel,46699.16,48784.6,0.083,49248.3,48784.4,-173.0915199999996,5.5476064560000005,1.9025042171064999,-176.73662223889312,stop,0.24895646166223195
1640073600,1640218200,1,channel,48574.59,48295.3,0.10300000000000001,46534.3,48295.5,-28.766869999999344,6.984319069000001,-2.4980428154040006,-38.24923188440334,stop,0.24908137179814543
1640289600,1640452800,1,channel,51082.549999999996,50378.90000000001,0.113,49240.700000000004,50379.100000000006,-79.51244999999852,8.025600695000001,-3.447924704,-90.98597539899853,stop,0.24795974849404062
1640678400,1640939400,-1,channel,49197.71000000001,48033.3,0.125,50857.200000000004,48033.100000000006,145.55125000000044,8.507713375000002,4.56302005995,141.60655668495045,stop,0.24823583414582898
1640980800,1641058500,-1,channel,45707.420000000006,47684.7,0.106,47684.5,47684.5,-209.5916799999991,6.929695304,1.490277002,-215.0310983019991,stop,0.24845798356721568
1641412800,1641756300,-1,channel,44671.73,42335.3,0.113,46524.9,42335.100000000006,264.01659000000006,6.882256073000001,5.7156396659999995,262.8499735930001,stop,0.24909486481946272
1641931200,1642104000,1,channel,42938.75,42449.700000000004,0.107,40972.0,42449.9,-52.32834999999953,6.395594904999999,0.1946603219150001,-58.52928458308453,stop,0.2486810032415311
1642694400,1642714800,1,channel,43275.95,41894.200000000004,0.151,41894.4,41894.4,-208.6442499999989,9.002484854999999,0.0,-217.6467348549989,stop,0.2495229170791549
1642723200,1642979400,-1,channel,40661.86,36412.1,0.128,42290.100000000006,36411.9,543.9692800000003,6.905826816000001,1.5391498914432,538.6026030754435,stop,0.2482366014736307
1643025600,1643048100,-1,channel,33689.8,36126.2,0.08700000000000001,36126.0,36126.0,-211.96679999999952,4.2517944000000005,0.1491197567823,-216.0694746432172,stop,0.24766261157003783
1643198400,1643248200,1,channel,38046.119999999995,35950.100000000006,0.094,35781.8,35950.3,-197.025879999999,4.868951276000001,0.3157473745432,-201.5790839014558,stop,0.24986382586868436
1643990400,1644538800,1,channel,39481.92,43136.600000000006,0.123,37778.4,43136.8,449.5256400000009,7.113454572,-6.6379491700167,435.7742362579842,stop,0.24841121931175758
1644926400,1645089300,1,channel,44214.5,43277.50000000001,0.13,42605.9,43277.700000000004,-121.80999999999906,7.961772,-3.1744276441800006,-132.94619964417907,stop,0.24810768150542886
1645128000,1645616700,-1,channel,41176.9,39138.299999999996,0.123,42887.8,39138.1,250.74780000000072,6.91513872,-0.25261789187699984,243.58004338812373,stop,0.24928365900057867
1645675200,1645731300,-1,channel,34907.600000000006,37070.799999999996,0.098,37070.6,37070.6,-211.99359999999902,4.937718240000001,-0.8787382321900001,-217.81005647218902,stop,0.2480698760179693
1646064000,1646287500,1,channel,40793.0,43164.8,0.088,38391.5,43165.0,208.71840000000023,5.17180048,-2.071527426144,201.47507209385623,stop,0.24781893641983707
1646409600,1646795400,-1,channel,40694.4,39550.3,0.099,42836.5,39550.100000000006,113.26589999999986,5.56095771,1.7390021852610003,109.44394447526085,stop,0.24908610614160862
1646798400,1646891400,1,channel,41198.6,39012.200000000004,0.097,39012.4,39012.4,-212.08079999999944,5.44631332,-1.2243243000000001,-218.75143761999945,stop,0.24845296709786113
1647216000,1647297900,-1,channel,37742.8,39300.299999999996,0.133,39330.4,39300.1,-207.14749999999904,7.17271261,-0.20778597102199994,-214.52799858102105,stop,0.24972619311762267
1647633600,1647777600,1,channel,42020.5,41499.700000000004,0.126,40356.700000000004,41499.9,-65.62079999999945,7.36648164,-2.6372115000000003,-75.62449313999946,stop,0.2486363668076022
1648137600,1648604400,1,channel,43970.899999999994,46834.50000000001,0.138,42455.4,46834.700000000004,395.17680000000183,8.771801640000001,-6.433720080138,379.9712782798638,stop,0.24930083337607986
1648742400,1649022900,-1,channel,46449.9,46948.1,0.156,47785.0,46947.9,-77.71919999999955,10.1990616,6.24420172116,-81.67405987883956,stop,0.24939879592781222
1649260800,1649610600,-1,channel,44159.200000000004,42888.5,0.135,45716.3,42888.3,171.5445000000006,8.226007650000001,5.506802604135001,168.8252949541356,stop,0.24998224475362435
1649678400,1649859300,-1,channel,41054.9,40700.3,0.156,42392.600000000006,40700.100000000006,55.31759999999977,8.927667840000002,-0.9102307392359997,45.47970142076377,stop,0.24844036965830057
1650268800,1650301800,-1,channel,38902.0,40054.0,0.181,40053.8,40053.8,-208.512,10.0037252,-0.38608076707199995,-218.901805967072,stop,0.24901016734552162
1650384000,1650573300,1,channel,41432.299999999996,40799.700000000004,0.155,40079.700000000004,40799.9,-98.05299999999865,8.922172,-1.477379077755,-108.45255107775365,stop,0.2497450990161665
1650643200,1650912300,-1,channel,39414.3,39930.9,0.138,40933.8,39930.700000000004,-71.2907999999998,7.664746320000001,-4.102675689240001,-83.0582220092398,stop,0.2489280529679059
1651363200,1651450500,-1,channel,37614.200000000004,38680.9,0.165,38876.8,38680.700000000004,-176.00549999999953,8.812084050000001,1.274972622,-183.54261142799953,stop,0.24867978759062284
1651694400,1651760400,1,channel,39855.399999999994,38530.600000000006,0.157,38530.8,38530.8,-207.99359999999817,8.6146214,-1.2445311500000003,-217.85275254999817,stop,0.248497194028763
1651766400,1652616000,-1,channel,36886.3,30352.500000000004,0.129,38507.700000000004,30352.300000000003,842.8602,6.071663640000001,2.0524519321259995,838.840988292126,stop,0.24857419333441835
1652659200,1652719200,1,channel,31324.5,29279.7,0.10300000000000001,29254.0,29279.9,-210.61439999999993,4.3695628200000005,-0.42150690834300003,-215.40546972834292,stop,0.2486544570113037
1652889600,1653010500,-1,channel,28971.7,30550.300000000003,0.127,30644.4,30550.100000000002,-200.4822000000003,5.2915058,0.8691449970380001,-204.9045608029623,stop,0.24920850029736147
1653883200,1654099200,1,channel,30345.8,30709.8,0.218,29388.600000000002,30710.0,79.352,9.317084560000001,-5.46302114,64.57189430000001,stop,0.24933721217776014
1654488000,1654562400,1,channel,31235.2,30286.0,0.22,30286.2,30286.2,-208.82400000000015,9.4742648,-2.0480403609600004,-220.34630516096013,stop,0.24966591527185258
1654891200,1655342100,-1,channel,28970.399999999998,22980.300000000003,0.178,30151.300000000003,22980.100000000002,1066.237799999999,6.473057219999999,0.10780785646999985,1059.8725506364688,stop,0.2496938317821193
1655539200,1655670600,-1,channel,19244.8,20532.800000000003,0.12,21034.9,20532.600000000002,-154.56000000000043,3.3413184,0.28741694976,-157.61390145024043,stop,0.24821246602129884
1655798400,1655913600,1,channel,21108.0,19919.7,0.121,19326.2,19919.9,-143.78429999999992,3.4750461899999996,0.055400278581999994,-147.20394591141792,stop,0.2495446430509102
1656244800,1656337200,1,channel,21699.600000000002,20908.5,0.214,20704.300000000003,20908.7,-169.29540000000046,6.38269338,-0.54388875429,-176.22198213429047,stop,0.24995419526514004
1656446400,1656635100,-1,channel,20246.5,20430.300000000003,0.23700000000000002,21140.9,20430.100000000002,-43.56060000000069,6.748281120000001,-0.506022053313,-50.814903173313695,stop,0.24976601657356526
1656979200,1657024500,1,channel,20226.5,19346.1,0.241,19346.3,19346.3,-212.17640000000034,6.675897619999999,-0.48700797999999995,-219.33930560000033,stop,0.24988654196182597
1657209600,1657420200,1,channel,20882.2,21174.9,0.242,20008.800000000003,21175.100000000002,70.83340000000017,7.12447274,-2.956237766196,60.75268949380416,stop,0.24981132306606957
1657512000,1657754100,-1,channel,20539.8,20150.300000000003,0.23800000000000002,21427.5,20150.100000000002,92.70099999999914,6.7789706600000015,1.4905282141820002,87.41255755418115,stop,0.2496229081196294
1657915200,1658402700,1,channel,21156.9,22635.7,0.215,20172.5,22635.9,317.94199999999984,6.5907863,-7.162794957345001,304.18841874265485,stop,0.24903126788414545
1658577600,1658702400,-1,channel,22226.6,22990.300000000003,0.186,23372.4,22990.100000000002,-142.0482000000008,5.88724038,1.34479751748,-146.59064286252078,stop,0.24965891231428836
1658721600,1658937600,-1,channel,21857.899999999998,21532.100000000002,0.20400000000000001,22898.100000000002,21531.9,66.46319999999912,6.196092,1.666524357996,61.93363235799512,stop,0.24944165634030588
1658980800,1659292200,1,channel,23127.0,23504.7,0.199,22057.9,23504.9,75.16230000000014,6.495795810000001,-5.031870100998001,63.63463408900214,stop,0.24980667321061636
1659643200,1659679200,-1,channel,22438.899999999998,23327.2,0.23800000000000002,23327.0,23327.0,-211.41540000000072,7.62463226,0.09104513594400002,-218.9489871240567,stop,0.2494340948102125
1659945600,1660053300,1,channel,23797.0,23154.8,0.325,23155.0,23155.0,-208.71500000000023,10.681534500000001,-2.1675267380000003,-221.56406123800022,stop,0.25002192538316986
1660190400,1660496400,1,channel,24313.8,24267.2,0.244,23454.2,24267.4,-11.370399999999645,8.297634799999999,-1.919456128632,-21.587490928631645,stop,0.24923950929699312
1660752000,1661115000,-1,channel,23385.5,21580.4,0.263,24182.0,21580.2,474.7412999999996,8.278222190000001,0.858445930584,467.32152374058364,stop,0.24960719748793123
1661529600,1661781900,-1,channel,20769.399999999998,20155.300000000003,0.278,21530.0,20155.100000000002,170.7197999999986,7.9639466200000015,-2.753937571446,160.0019158085526,stop,0.25012596998308884
1662494400,1662693900,-1,channel,18812.899999999998,19455.300000000003,0.32,19471.8,19455.100000000002,-205.56800000000163,8.5720768,0.10939170656,-214.03068509344163,stop,0.2494203636420062
1662710400,1663073400,1,channel,20623.8,21438.2,0.281,19872.7,21438.4,228.84640000000044,8.273595400000001,-6.825658367613002,213.74714623238742,stop,0.2495661818116562
1663084800,1663431000,-1,channel,20823.7,20069.100000000002,0.199,21897.2,20068.9,150.16539999999972,5.696367040000001,1.306837712718,145.77587067271773,stop,0.2498817340829647
1663560000,1663616100,-1,channel,18766.0,19489.5,0.293,19489.3,19489.3,-211.98549999999997,7.84620305,-0.468886415369,-220.30058946536897,stop,0.24953141186390648
1664251200,1664296500,1,channel,20092.2,19313.3,0.272,19313.5,19313.5,-211.8608000000004,7.5028072,-1.010541720608,-220.3741489206084,stop,0.24959053150383345
1664870400,1665145500,1,channel,19957.2,19799.7,0.353,19363.5,19799.9,-55.5975,9.82392999,-6.384996929999999,-71.80642691999999,stop,0.24988162495660826
1665172800,1665686700,-1,channel,19452.899999999998,19240.300000000003,0.353,20045.100000000002,19240.100000000002,75.0477999999982,9.56108972,8.542912979331,74.02962325932921,stop,0.24950842024093134
1665720000,1665772800,1,channel,19806.4,19190.5,0.341,19190.7,19190.7,-210.0219000000005,9.30856003,-1.223506620655,-220.5539666506555,stop,0.24989374857018234
1666238400,1666444500,-1,channel,19033.0,19240.300000000003,0.485,19458.2,19240.100000000002,-100.54050000000142,12.993785350000001,2.64215144881,-110.89213390119141,stop,0.25006163755204297
1666555200,1666621200,1,channel,19492.5,19175.4,0.638,19175.600000000002,19175.600000000002,-202.3097999999991,17.26908414,-2.4804802,-222.0593643399991,stop,0.2500435210743452
1666713600,1666916400,1,channel,19740.5,20169.7,0.542,19364.3,20169.9,232.62640000000042,15.141929880000003,-1.3239909577900002,216.1604791622104,stop,0.25007135109447426
1667577600,1667771400,1,channel,20829.4,21133.5,0.376,20277.0,21133.7,114.34159999999946,11.04463528,-3.358851457328,99.93811326267146,stop,0.24972653936370545
1667880000,1667925600,-1,channel,20140.399999999998,20676.4,0.388,20676.2,20676.2,-207.9680000000014,11.08584288,0.65469685176,-218.3991460282414,stop,0.2499565199350489
1667937600,1668431400,-1,channel,18237.8,16950.300000000003,0.185,19389.2,16950.100000000002,238.18749999999932,4.5568589500000005,-10.255556646050001,223.37508440394933,stop,0.2499752751949127
1668988800,1669169700,-1,channel,16272.5,16309.300000000001,0.504,16683.600000000002,16309.1,-18.54720000000055,11.494859040000001,1.068769308096,-28.97328973190455,stop,0.24974954874587393
1669608000,1669698600,-1,channel,16168.8,16519.600000000002,0.586,16519.4,16519.4,-205.5688000000017,13.408781679999999,0.5049213933579999,-218.4726602866437,stop,0.24967643056711752
1669780800,1669987800,1,channel,16837.0,16850.9,0.497,16420.4,16851.100000000002,6.9083000000007235,11.72002041,-2.5723388696039997,-7.384059279603276,stop,0.2501412856927797
1670400000,1670524500,-1,channel,16755.2,17079.800000000003,0.628,17079.600000000002,17079.600000000002,-203.84880000000138,14.873866000000001,0.21233839476400002,-218.51032760523736,stop,0.24977075581234864
1670932800,1671109800,1,channel,17437.100000000002,17559.7,0.765,17175.5,17559.9,93.7889999999989,18.7407864,-8.1761976,66.8720159999989,stop,0.2499761178661062
1671192000,1671402900,-1,channel,17018.5,16795.300000000003,0.465,17463.3,16795.100000000002,103.78799999999865,11.0063919,2.33071874484,95.11232684483863,stop,0.24994424802603699
1671494400,1671504000,-1,channel,16429.0,16768.2,0.603,16768.0,16768.0,-204.53760000000042,14.012538119999999,0.0,-218.5501381200004,stop,0.2498180100491198
1671552000,1671719400,1,channel,16911.0,16693.9,0.519,16514.7,16694.100000000002,-112.67489999999925,12.208660170000002,-2.637436934946,-127.52099710494525,stop,0.24989746734258822
1672171200,1672434000,-1,channel,16681.1,16659.300000000003,0.988,16879.0,16659.100000000002,21.538399999995686,23.058220640000002,11.758642171744,10.238821531739687,stop,0.2500268923063988
