time,rate,amount,price_proxy
1609603200,0.00115471,-5.5308753265559,31720.79
1609632000,0.00124058,-6.0316502251478,32198.41
1609660800,0.00114744,-5.97343035744,34476.0
1609689600,0.00155006,-7.8500623421185995,33538.81
1609718400,0.00164126,-8.191764065921799,33053.93
1609747200,0.00236482,-11.4937213557116,32187.38
1610006400,0.00142744,-3.688062739088001,36909.86
1610035200,0.00099841,-2.729153735,39050.0
1610064000,0.00213517,-5.903493954008001,39498.32
1610092800,0.00092044,-2.5105976666400003,38965.8
1610121600,0.00131892,-3.7740340534680006,40877.97
1610150400,0.00062954,-1.7908673580980004,40638.91
1610179200,0.00066918,-1.858872695988,39683.38
1610208000,0.00146942,-4.176092668594,40600.01
1610236800,0.00145604,-4.090778596940001,40136.05
1610265600,0.00120632,-3.4669254396560008,41056.69
1610409600,0.00033526,0.5460441039631999,35406.92
1610668800,0.00055628,-1.1764313686871999,39163.31
1610697600,0.00064483,-1.3409570905722,38510.21
1611244800,0.00026589,0.6183337731185999,31426.01
1611273600,0.0001,0.228480698,30875.77
1611302400,0.0001,0.228475962,30875.13
1611331200,0.0001,0.24016663000000002,32454.95
1611360000,0.0001,0.24412659200000003,32990.08
1611388800,0.00012182,0.2970220770627999,32948.71
1611417600,0.0001,0.235938418,31883.57
1611446400,0.0001,0.237439952,32086.48
1611475200,0.00014368,0.34904290447360004,32828.48
1611504000,0.00041388,0.9791040045335999,31968.53
1611532800,0.0001,0.23883411200000002,32274.88
1611763200,0.0001,0.278931396,30318.63
1611792000,0.0001,0.279523232,30382.96
1611820800,0.0001,0.287052144,31201.32
1611849600,0.00022262,0.654121407416,31937.9
1611936000,0.00166789,-4.0924045217286,37176.39
1612310400,0.00077297,-2.4424787079231,35504.07
1612339200,0.00080805,-2.6145822304035002,36355.83
1612368000,0.00075287,-2.471904018673,36891.1
1612396800,0.00029063,-0.9739071983543999,37651.92
1612425600,0.00074286,-2.5047110014667995,37884.42
1612454400,0.00061936,-2.0178025821072,36605.43
1612483200,0.00056635,-1.8637399982285,36975.19
1612512000,0.00074838,-2.5116028992371997,37708.46
1612540800,0.00099154,-3.3539742404783994,38006.64
1612569600,0.00034782,-1.1873837873765998,38357.17
1612598400,0.00069827,-2.4492179230607003,39410.69
1612627200,0.00102371,-3.7252141386128996,40886.91
1612656000,0.00155546,-5.433545580108199,39249.53
1612684800,0.00065121,-2.2636175645622,39056.38
1612713600,0.00106206,-3.5886532765386,37965.79
1612828800,0.00131125,-4.44637841455,46451.32
1612857600,0.00186573,-6.485033908948499,47614.65
1612886400,0.00161159,-5.5111007376325,46844.75
1612915200,0.00124313,-4.2191268937797,46492.53
1612944000,0.0017535,-5.97489992295,46676.9
1612972800,0.00112397,-3.6427851065243995,44397.24
1613001600,0.00076742,-2.512571451,44850.0
1613030400,0.0008307,-2.7136958955209995,44750.11
1613059200,0.0017411,-6.1096669358949995,48069.65
1613088000,0.00128772,-4.5178308343476,48060.21
1613116800,0.0012563,-4.346919949040999,47398.59
1613145600,0.00105533,-3.627257667760599,47083.34
1613174400,0.00139999,-4.84056622428,47364.0
1613203200,0.00141609,-4.8625216524573,47037.89
1613232000,0.00075946,-2.6128707373417996,47129.21
1613260800,0.00085048,-2.9317567874151997,47221.63
1613289600,0.00146185,-5.210238526791999,48823.84
1613318400,0.00149489,-5.3068532812576,48630.08
1613347200,0.0011786,-4.186187226937999,48655.21
1613577600,0.00147112,-5.355252229824,51271.2
1613606400,0.00132249,-4.900907273269801,52194.62
1613635200,0.00154303,-5.6960965874361005,51992.97
1613664000,0.00125842,-4.6160327137866,51663.63
1613692800,0.00091255,-3.344025476483001,51612.46
1613721600,0.00084526,-3.1094173895200004,51812.0
1613750400,0.00128791,-4.932315637011101,53939.51
1613779200,0.00156318,-6.215852946813,56005.85
1613808000,0.00116465,-4.5737617113075,55312.05
1613836800,0.00122535,-4.892172085206001,56231.96
1613865600,0.00100357,-3.9836710648215004,55908.45
1613894400,0.00099022,-3.9490582387255997,56169.88
1613923200,0.0012582,-5.128561602,57410.0
1613952000,0.00117049,-4.7764893576450005,57475.5
1613980800,0.00091782,-3.6809551995300005,56486.5
1614096000,0.00013281,0.2906494058024999,48632.45
1614124800,0.0001,0.22018504500000002,48930.01
1614556800,0.00016921,0.40502442666319993,45162.64
1614585600,0.0001,0.245470984,46315.28
1614643200,0.0001,-0.282691443,49594.99
1614672000,0.0001,-0.27556655700000005,48345.01
1614700800,0.0001,-0.277529466,48689.38
1614729600,0.0001,-0.276188997,48454.21
1614758400,0.0001,-0.283652406,49763.58
1614787200,0.00045078,-1.3051816998858004,50796.23
1614816000,0.0001,-0.28713037500000005,50373.75
1614844800,0.0001,-0.283326366,49706.38
1614873600,0.0001,-0.28180024800000003,49438.64
1615276800,0.00041976,-1.8000118097280002,53602.41
1615305600,0.00057038,-2.4698644953440003,54127.61
1615334400,0.00024344,-1.0695347490559999,54917.78
1615363200,0.00048586,-2.10677058448,54202.1
1615392000,0.00056915,-2.56685830424,56374.82
1615420800,0.00095931,-4.29381783864,55949.3
1615449600,0.00099305,-4.377802136440001,55105.51
1615478400,0.00085439,-3.857151173632,56431.36
1615507200,0.00102002,-4.720051972224,57842.64
1615536000,0.00067147,-3.046580791776,56714.76
1615564800,0.00051199,-2.3349811844080004,57007.49
1615593600,0.00047834,-2.192367685888,57291.04
1615622400,0.00060567,-2.780654712264,57387.99
1615651200,0.00057114,-2.7294844567680006,59737.64
1615680000,0.00081828,-4.010711700384,61267.41
1615708800,0.00084593,-4.101409042232,60605.03
1615737600,0.00115069,-5.500658135832,59753.91
1615766400,0.0008201,-3.87330671288,59037.11
1615881600,0.00035862,1.1693822433216,55267.52
1615910400,0.00040673,1.3410851358659002,55885.37
1615939200,0.00035367,1.1884162823919,56953.23
1615968000,0.00019234,0.6339453003056,55863.76
1615996800,0.00024575,0.79687066042,54959.44
1616342400,0.0001,0.44616709800000004,57200.91
1616371200,0.00051919,2.3251326146958,57415.19
1616400000,0.00045562,2.0485703807712,57643.92
1616428800,0.00048977,2.1821471276514,57121.19
1616457600,0.0002421,1.0221717851279999,54129.56
1616486400,0.00026619,1.1252788182324,54196.82
1616515200,0.00042245,1.819447049238,55216.58
1616544000,0.00053454,2.268160128,54400.0
1616572800,0.00016567,0.7170001247916,55485.66
1616659200,0.0001,0.3713181430000001,52298.33
1616688000,0.0001,0.36227274300000006,51024.33
1616716800,0.00016,0.5830543856000001,51325.21
1616745600,0.0001,0.38036340100000005,53572.31
1616774400,0.0001,0.3786303620000001,53328.22
1617033600,0.00018171,-0.8712114569325,57765.25
1617062400,0.00032026,-1.5331229295012,57676.14
1617091200,0.00027258,-1.3161240508416001,58173.44
1617120000,0.00083501,-4.0625462720161005,58617.67
1617148800,0.00080754,-3.9407274554694003,58794.17
1617177600,0.00070889,-3.4266304687524003,58238.52
1617350400,0.00106221,-5.6264371337379,59515.91
1617379200,0.0010197,-5.404241943242999,59548.71
1617408000,0.00063267,-3.3237825281937,59028.99
1617436800,0.00107843,-5.698635610907299,59372.99
1617465600,0.00101313,-5.3099134749018,58888.74
1617523200,0.00048495,2.7969166333500004,57674.33
1617552000,0.00026521,1.53716697277,57960.37
1617580800,0.00039464,2.2981706490400002,58234.61
1617609600,0.00043217,2.4759248350100003,57290.53
1617811200,0.0005366,3.0330912550000004,56524.25
1617840000,0.00040784,2.2846450452800005,56018.17
1617868800,0.00024943,1.42339648971,57065.97
1617897600,0.00026225,1.5156799067500002,57795.23
1617926400,0.00019611,1.13984878023,58122.93
1618041600,0.00148624,-9.8195846183456,60614.66
1618070400,0.00119652,-7.870718491116,60348.7
1618099200,0.00086735,-5.6566267394945,59832.43
1618128000,0.00099427,-6.4728363509515,59726.05
1618156800,0.00105998,-6.9010751439782005,59730.01
1618185600,0.00093793,-6.1435965773462,60093.26
1618214400,0.00106358,-7.052533782546,60834.3
1618243200,0.00094343,-6.1777642786853,60075.19
1618272000,0.00084072,-5.4901703865912,59911.19
1618300800,0.00089928,-5.9923652656032,61133.16
1618329600,0.0012267,-8.480143893231,63421.77
1618358400,0.00090508,-6.278820942086,63645.05
1618387200,0.00108567,-7.618880465770499,64382.35
1618416000,0.00104786,-7.210786053715201,63132.48
1618444800,0.00076335,-5.243450432451,63018.34
1618473600,0.00082082,-5.6305612817454,62932.83
1618502400,0.00110324,-7.550349587299199,62787.12
1618531200,0.00109647,-7.5572539518888,63232.56
1618732800,0.00058448,1.9057459492864,56216.96
1618761600,0.0001,0.32172605800000004,55470.01
1618790400,0.0001,0.32561229,56140.05
1618819200,0.0001,0.33248505800000006,57325.01
1618848000,0.0001,0.31654770200000004,54577.19
1618876800,0.0001,0.322679404,55634.38
1618905600,0.0001,0.315715286,54433.67
1618934400,0.0001,0.32102344600000005,55348.87
1618963200,0.0001,0.32718525000000004,56411.25
1618992000,0.0001,0.320690236,55291.42
1619020800,0.0001,0.32565173000000003,56146.85
1619049600,0.0001,0.312009376,53794.72
1619078400,0.0001,0.314128,54160.0
1619107200,0.0001,0.317125092,54676.74
1619136000,0.0001,0.299944796,51714.62
1619164800,0.00047618,1.3257074909364,48000.81
1619193600,0.0001,0.28913,49850.0
1619222400,0.0001,0.296511254,51122.63
1619251200,0.00027672,0.8001176109456,49852.31
1619280000,0.0001676,0.488230776696,50225.37
1619308800,0.000217,0.6304864822199999,50094.27
1619337600,0.00038558,1.1113675752556,49695.29
1619366400,0.0001,0.291585024,50273.28
1619395200,0.0001,0.28457085200000004,49063.94
1619452800,0.0001,-0.34289056000000007,53576.65
1619481600,0.0001,-0.345499776,53984.34
1619510400,0.0001,-0.34895596800000006,54524.37
1619539200,0.0001,-0.351904064,54985.01
1619568000,0.0001,-0.35204,55006.25
1619596800,0.0001,-0.34738534400000004,54278.96
1619625600,0.0001,-0.34794905600000003,54367.04
1619654400,0.0001,-0.35111526400000004,54861.76
1619827200,0.00011209,-0.5108361536619,57688.29
1619856000,0.0001,-0.456393902,57771.38
1619884800,0.00032496,-1.4734437285072,57395.33
1619913600,0.00015819,-0.7227814443135,57836.35
1619942400,0.00045285,-2.0278074100515,56682.01
1620057600,0.00067307,-3.5330431222541,57682.93
1620115200,0.00012186,0.5727691162872001,55955.03
1620144000,0.00066426,3.0062040443063998,53876.71
1620172800,0.00044701,1.9999758805488002,53263.32
1620201600,0.00042458,1.9580405620776,54901.33
1620892800,0.0001,0.300270824,50893.36
1620921600,0.00022863,0.6701279368632,49678.96
1620950400,0.0004004,1.1742410399719998,49706.27
1620979200,0.00035219,1.0399107332733,50045.73
1621008000,0.00015069,0.4555687822029001,51240.99
1621036800,0.0001,0.294252234,49873.26
1621065600,0.00010123,0.28972943042570004,48510.01
1621094400,0.00020153,0.5828606786919001,49019.97
1621123200,0.00040248,1.1112000207984,46794.62
1621152000,0.00016682,0.48621357200000004,49400.0
1621180800,0.00036196,1.0210629070412,47812.33
1621209600,0.0001,0.273932752,46429.28
1621238400,0.00063989,1.7055427518473998,45175.74
1621267200,0.00059294,1.5183220451444002,43401.14
1621296000,0.00054643,1.4045117003807,43565.11
1621324800,0.00014723,0.39242361766300005,45175.9
1621353600,0.00021809,0.5532943300000001,43000.0
1621382400,0.0001,0.253006986,42882.54
1621411200,0.00035813,0.8530030875264001,40369.92
1621440000,-0.00089697,-1.9742185469654998,37304.85
1621468800,0.0001,0.216465926,36689.14
1621497600,0.0001,0.235686828,39946.92
1621526400,0.0001,0.24453022000000002,41445.8
1621555200,0.0001,0.23895000000000002,40500.0
1621584000,-1.001e-05,-0.023517819425100003,39820.89
1621612800,7.546e-05,0.1639212501542,36818.53
1621641600,-0.00024448,-0.5367290914432,37210.01
1621670400,0.0001,0.213927392,36258.88
1621699200,0.0001,0.22503172300000002,38140.97
1621728000,-5.011e-05,-0.11067915964000001,37436.0
1621756800,-1.059e-05,-0.022433209480500007,35904.05
1621785600,4.696e-05,0.09228170648,33307.0
1621814400,-8.534e-05,-0.17449770794180003,34656.53
1621843200,-9.905e-05,-0.21396068434299997,36612.34
1622044800,0.0001,-0.20165371200000004,38779.56
1622073600,0.0001,-0.20396589200000004,39224.21
1622102400,0.0001,-0.19899396400000005,38268.07
1622131200,0.0001,-0.20638820800000005,39690.04
1622160000,0.0001,-0.20034237600000002,38527.38
1622217600,0.0001,0.22779723799999999,36741.49
1622246400,0.0001,0.22116013799999998,35670.99
1622275200,0.0001,0.224314016,36179.68
1622304000,0.00010375,0.221613454875,34452.15
1622332800,0.0001,0.21459409,34611.95
1622361600,0.0001,0.2231845,35997.5
1622390400,0.0001,0.220038,35490.0
1622419200,0.0001,0.22104116000000001,35651.8
1622448000,0.0001,0.22227898999999998,35851.45
1622678400,0.0001,-0.32685900000000007,37570.0
1622707200,0.0001,-0.33609413700000007,38631.51
1622736000,0.0001,-0.33536037900000004,38547.17
1622764800,0.0001,-0.34145238000000006,39247.4
1623139200,1.015e-05,0.033104341116,32944.56
1623168000,0.0001,0.31370070600000005,31686.94
1623196800,0.0001,0.33038854200000006,33372.58
1623225600,-5.397e-05,-0.182429744805,34143.5
1623312000,6.027e-05,-0.178114147008,36940.88
1623340800,0.0001,-0.2951480800000001,36893.51
1623369600,0.0001,-0.29335720000000004,36669.65
1623398400,2.612e-05,-0.07757380889600002,37123.76
1623427200,4.776e-05,-0.140627524224,36805.78
1623456000,-7.78e-05,0.23215775184,37300.41
1623657600,0.0001,-0.363675908,39529.99
1623686400,-3.144e-05,0.11765500820159998,40676.17
1623715200,8.002e-05,-0.298074275944,40489.1
1623744000,0.0001,-0.371228924,40350.97
1623772800,0.0001,-0.36852256000000005,40056.8
1623801600,0.0001,-0.369222312,40132.86
1623830400,0.0001,-0.36919590799999996,40129.99
1623974400,5.342e-05,0.2114531253328,38060.71
1624003200,3.45e-06,0.013523168412,37689.99
1624032000,0.0001,0.3781846640000001,36363.91
1624060800,-5.205e-05,-0.19385432461200003,35811.41
1624089600,-9.441e-05,-0.3511890898776,35767.59
1624118400,7.475e-05,0.28067770458,36104.67
1624147200,0.0001,0.3690233040000001,35483.01
1624176000,0.0001,0.37038965600000007,35614.39
1624204800,-0.00018437,-0.6592832403976001,34383.37
1624233600,-1.617e-05,-0.0598486872984,35588.63
1624262400,0.0001,0.34305148800000007,32985.72
1624291200,-0.00019854,-0.6744533565744001,32664.09
1624320000,7.947e-05,0.26121979728,31606.0
1624348800,0.0001,0.3394718080000001,32641.52
1624377600,-0.00032806,-1.0793547463504,31635.71
1624406400,6.7e-07,0.0022643212800000003,32496.0
1624723200,-0.00010371,-0.27125369271509997,31512.07
1624752000,-0.00023578,-0.631127050461,32250.15
1624982400,3.883e-05,-0.13229453689759998,36244.88
1625011200,0.0001,-0.33756001599999996,35910.64
1625040000,0.0001,-0.331140192,35227.68
1625414400,4.428e-05,-0.20584496071800001,35486.35
1625443200,0.0001,-0.46217022700000004,35280.17
1625760000,-0.0002808,-1.26468617652,32874.95
1625788800,-0.00010885,-0.48994854475000005,32855.0
1625817600,-0.00017364,-0.7821380184744,32878.58
1625846400,-0.00018845,-0.8658591786985,33537.49
1626076800,3.463e-05,-0.20531817684840004,34271.16
1626105600,0.0001,-0.5767875360000001,33340.32
1626249600,1.317e-05,0.0685023533169,31910.39
1626278400,-0.00011753,-0.6278443761744,32772.96
1626451200,1.073e-05,0.05925319870360001,32105.81
1626480000,0.0001,0.5397869120000001,31382.96
1626508800,-4.343e-05,-0.23528177831760005,31497.06
1626537600,2.365e-05,0.129103307586,31737.87
1626566400,0.0001,0.5417423800000001,31496.65
1626739200,-0.00015687,-0.8655189272225999,30823.62
1626768000,-0.00012569,-0.6704063262631,29797.81
1626796800,-0.00018939,-1.0122822546972,29860.12
1626825600,-0.00022869,-1.2188912428539,29775.89
1626854400,-0.00039139,-2.1576607215584995,30797.85
1627113600,-0.00013379,0.7414893485748001,33793.83
1627142400,-0.00010603,0.5882873347472001,33831.16
1627171200,-0.00025685,1.441883982,34230.0
1627200000,-0.00021708,1.2343890894912002,34672.76
1627228800,-5.198e-05,0.29114280147439997,34152.77
1627257600,-0.00054841,3.1812111780908,35370.67
1627286400,0.0001,-0.625823836,38159.99
1627315200,0.0001,-0.6320056520000001,38536.93
1627344000,0.0001,-0.610376676,37218.09
1627372800,0.0001,-0.608500188,37103.67
1627401600,-2.248e-05,0.14084512824640003,38203.37
1627430400,-2.037e-05,0.1317833450808,39448.06
1627459200,0.0001,-0.654163036,39887.99
1627488000,0.0001,-0.650588,39670.0
1627516800,1.493e-05,-0.0979483414416,40003.08
1627545600,8.276e-05,-0.5418877877264,39925.01
1627574400,0.0001,-0.6547946000000001,39926.5
1627603200,0.0001,-0.6562113960000001,40012.89
1627632000,0.0001,-0.651572,39730.0
1627718400,0.0001,-0.36137712000000005,41537.6
1627747200,0.0001,-0.36130821600000007,41529.68
1627776000,0.0001,-0.36059847000000006,41448.1
1627804800,0.0001,-0.36283350000000003,41705.0
1627833600,0.0001,-0.3593423640000001,41303.72
1627977600,0.0001,0.393413898,38569.99
1628006400,0.0001,0.389337774,38170.37
1628035200,0.0001,0.38965356600000006,38201.33
1628064000,0.0001,0.385845192,37827.96
1628092800,1.272e-05,0.050976352728,39289.95
1628208000,0.0001,-0.396559183,40882.39
1628236800,0.0001,-0.39503638,40725.4
1628265600,0.0001,-0.409451841,42211.53
1628294400,0.0001,-0.415406671,42825.43
1628323200,0.0001,-0.41911042200000004,43207.26
1628352000,0.0001,-0.420615571,43362.43
1628380800,0.0001,-0.432630767,44601.11
1628409600,0.0001,-0.434525662,44796.46
1628438400,0.0001,-0.426789233,43998.89
1628467200,0.0001,-0.424740787,43787.71
1628496000,0.0001,-0.42476309700000003,43790.01
1628524800,0.0001,-0.444956363,45871.79
1628553600,0.0001,-0.44871909,46259.7
1628582400,0.0001,-0.445932571,45972.43
1628611200,0.0001,-0.438227279,45178.07
1628640000,0.0001,-0.442222903,45589.99
1628668800,0.0001,-0.449763489,46367.37
1628697600,0.0001,-0.4505456,46448.0
1628726400,0.0001,-0.44156466099999997,45522.13
1628755200,0.0001,-0.43873100000000004,45230.0
1628928000,0.0001,-0.5192738200000001,47639.8
1628956800,0.0001,-0.5116644210000001,46941.69
1628985600,0.0001,-0.513212875,47083.75
1629273600,0.0001,0.4630649280000001,44957.76
1629302400,0.0001,0.4720256190000001,45827.73
1629331200,0.0001,0.460555127,44714.09
1629360000,0.0001,0.46024787800000005,44684.26
1629388800,0.0001,0.4716370000000001,45790.0
1629504000,0.0001,-0.508129797,49332.99
1629532800,0.00020013,-1.0097572158450001,48985.5
1629561600,0.00016694,-0.8459662296980001,49198.9
1629590400,0.0001,-0.5031149330000001,48846.11
1629619200,0.0001,-0.50688772,49212.4
1629705600,0.0003918,-2.201990097216,50180.26
1629734400,0.00023983,-1.3315418391744,49571.64
1629763200,0.000293,-1.6251543156800003,49523.23
1629792000,0.0001,-0.55776,49800.0
1629878400,0.0001,0.5779128,48159.4
1629907200,0.0001,0.58574388,48811.99
1629936000,0.0001,0.5879118,48992.65
1629964800,0.00021865,1.23108984618,46920.11
1629993600,0.0001,0.56186544,46822.12
1630022400,0.0001,0.56225064,46854.22
1630051200,0.0001,0.5697846000000001,47482.05
1630080000,0.0001,0.57839472,48199.56
1630569600,0.0004869,-2.866452088536,49891.08
1630598400,0.00057405,-3.3601026284130002,49604.47
1630627200,0.00047856,-2.7839263797312004,49299.14
1630656000,0.00033375,-1.9436720902500002,49353.7
1630684800,0.00024375,-1.455094587375,50589.99
1630713600,0.00043928,-2.5931562112336,50027.09
1630742400,0.00011799,-0.6993442231974001,50230.07
1630771200,0.00019219,-1.1320502571342002,49917.51
1630800000,0.0001,-0.58931796,49942.2
1630828800,0.0001,-0.588713328,49890.96
1630857600,0.0001,-0.5929580240000001,50250.68
1630886400,0.00026783,-1.6370701862663999,51799.56
1630915200,0.0001,-0.6115325220000001,51824.79
1630944000,0.0001,-0.609255712,51631.84
1630972800,0.0001,-0.6216709640000001,52683.98
1631001600,0.0001,-0.6180782180000001,52379.51
1631059200,0.0001,0.346796412,46864.38
1631088000,0.0001,0.33382258400000003,45111.16
1631116800,0.0001,0.341135856,46099.44
1631145600,0.0001,0.340844148,46060.02
1631174400,0.0001,0.34241013600000003,46271.64
1631203200,0.0001,0.34771971,46989.15
1631692800,0.0001,-0.509395932,47166.29
1631721600,0.0001,-0.521163288,48255.86
1631750400,0.0001,-0.519546204,48106.13
1631779200,0.0001,-0.5218558919999999,48319.99
1631808000,0.0001,-0.518539968,48012.96
1631836800,0.0001,-0.51565194,47745.55
1631865600,0.0001,-0.515449116,47726.77
1631894400,0.0001,-0.5133346919999999,47530.99
1631980800,0.0001,-0.6100947720000001,48420.22
1632009600,0.0001,-0.6083860860000001,48284.61
1632038400,0.0001,-0.60680592,48159.2
1632067200,0.0001,-0.6004734120000002,47656.62
1632124800,0.0001,0.5513564790000001,44825.73
1632153600,0.0001,0.5391938700000001,43836.9
1632182400,0.0001,0.5292273030000001,43026.61
1632211200,0.0001,0.532364049,43281.63
1632240000,0.0001,0.5297066340000001,43065.58
1632268800,0.0001,0.5009523090000001,40727.83
1632297600,0.0001,0.5230246590000001,42522.33
1632326400,0.0001,0.531336138,43198.06
1633104000,0.0001,-0.4923360000000001,47340.0
1633132800,5.277e-05,-0.26410797775440004,48123.93
1633161600,3.519e-05,-0.1745756024688,47701.38
1633190400,5.938e-05,-0.2952653826096,47812.23
1633219200,0.0001,-0.49531684800000014,47626.62
1633248000,0.0001,-0.4979000000000001,47875.0
1633276800,0.0001,-0.4977805040000001,47863.51
1633305600,0.0001,-0.5011550960000001,48187.99
1633334400,0.0001,-0.4974985600000001,47836.4
1633392000,0.0001,-0.521517668,49199.78
1633420800,-2.427e-05,0.1272031187214,49444.97
1633449600,1.61e-06,-0.0084939035006,49770.91
1633478400,0.0001,-0.5454783320000001,51460.22
1633507200,0.0001,-0.545158318,51430.03
1633536000,0.0001,-0.583148824,55014.04
1633564800,0.0001,-0.5864709699999999,55327.45
1633593600,0.0002918,-1.695243842004,54807.63
1633622400,0.00032669,-1.8685634614192,53959.28
1633651200,0.00033379,-1.9040679842825998,53814.99
1633680000,0.00023355,-1.357929844407,54851.89
1633708800,0.00013417,-0.7729531338608,54349.04
1633737600,0.0001,-0.572134894,53974.99
1633766400,0.0001,-0.582400676,54943.46
1633795200,0.00015717,-0.9165739911275999,55016.38
1633824000,0.0001,-0.5825843740000001,54960.79
1633852800,0.00020906,-1.23430989164,55699.0
1633881600,0.0001,-0.587062238,55383.23
1633910400,0.0001,-0.57982,54700.0
1633939200,0.0001,-0.602292,56820.0
1633968000,0.0001,-0.6095,57500.0
1633996800,0.0001,-0.609500106,57500.01
1634025600,0.0001,-0.607754286,57335.31
1634054400,0.0001,-0.597333002,56352.17
1634198400,0.00022797,-1.0602298771506,57416.58
1634227200,0.00017282,-0.8032231802951999,57379.56
1634256000,0.0001,-0.46475467200000004,57377.12
1634284800,0.00036685,-1.7618169312315002,59290.79
1634313600,0.0001,-0.48670291800000004,60086.78
1634342400,0.00048084,-2.4031848169332,61702.33
1634371200,0.00027876,-1.3950250526340002,61782.65
1634400000,0.00043303,-2.1392143480071,60988.97
1634428800,0.00031281,-1.5437080783116,60925.56
1634457600,0.00040131,-1.9630300052726999,60389.57
1634486400,0.0004425,-2.1799605633750003,60820.55
1634688000,0.0001,-0.495223575,64314.75
1634716800,0.0001,-0.49305848900000004,64033.57
1634745600,0.00063237,-3.2584230358911,66918.39
1634774400,0.00068927,-3.5062801310075,66064.25
1634803200,0.00057124,-2.8647250486624,65128.88
1634947200,0.00026183,1.0813398442032,60734.28
1634976000,0.00014854,0.6153913153528,60925.49
1635004800,0.0001739,0.727087085248,61486.24
1635033600,0.00030335,1.265001691502,61325.09
1635062400,0.00037238,1.5381789690760002,60745.15
1635091200,0.00032862,1.3389472706520003,59918.45
1635120000,0.00048777,2.0200466587752004,60902.82
1635350400,0.00023017,1.1515167679645002,58857.61
1635379200,0.00015574,0.7737467827440001,58449.36
1635408000,0.0001,0.5017295,59027.0
1635868800,0.00047797,-2.5406690266166003,64042.66
1635897600,0.0008207,-4.309606716089001,63266.69
1635926400,0.00043965,-2.314880044245,63437.1
1635955200,0.00031399,-1.6212807617903,62210.59
1636358400,0.00049328,-3.7112542727424005,65996.72
1636387200,0.0004876,-3.693364973952,66443.68
1636416000,0.00038683,-2.9813736383952003,67606.96
1636444800,0.00039251,-3.038204736018,67898.7
1636473600,0.00067839,-5.1718749891354,66874.99
1636502400,0.00037679,-2.8783794807389995,67010.65
1636531200,0.00068212,-5.171493871392,66504.4
1636560000,0.00057535,-4.486280946504,68398.96
1636963200,0.00020745,-1.306955711808,65626.04
1636992000,0.00040989,-2.532095147088,64348.95
1637049600,0.0001,0.52931322,60840.6
1637078400,0.0001,0.5280900870000002,60700.01
1637107200,0.0001,0.5229224610000001,60106.03
1637136000,0.00013155,0.6835433229045,59724.97
1637164800,0.0001,0.5191290000000001,59670.0
1637193600,0.0001,0.5251926390000001,60366.97
1637222400,0.0001,0.5201094900000001,59782.7
1637251200,0.00011235,0.5682362823270001,58134.86
1637280000,0.0001,0.4952130480000001,56921.04
1637308800,0.0001,0.4874244600000001,56025.8
1637337600,0.0001,0.5036375190000001,57889.37
1637366400,0.0001,0.5052048240000001,58069.52
1637395200,0.0001,0.508082958,58400.34
1637424000,0.0001,0.5014131030000001,57633.69
1637625600,0.0001,0.43889281799999996,56268.31
1637654400,0.00012897,0.5638963538286,56055.21
1637683200,0.0001,0.443991366,56921.97
1637712000,0.0001,0.44907907199999997,57574.24
1637740800,0.0001,0.44104616399999996,56544.38
1637769600,0.0001201,0.53162920746,56750.7
1637798400,0.00014549,0.6487220176397999,57165.09
1637942400,0.0001,0.44034111000000004,54363.1
1637971200,0.00010824,0.4712995237104,53755.66
1638000000,0.0001,0.44074538100000005,54413.01
1638028800,0.0001,0.44483320800000004,54917.68
1638057600,0.0001,0.443384037,54738.77
1638086400,0.0001,0.44172175500000005,54533.55
1638115200,0.0001,0.440091306,54332.26
1638576000,0.0001,0.44497843800000003,53611.86
1638604800,6.285e-05,0.24643983777599998,47241.92
1638633600,2.893e-05,0.11564611278,48162.0
1638662400,8.272e-05,0.33735364900160003,49135.66
1638691200,9.001e-05,0.3680668010677,49267.19
1638720000,0.0001,0.39802641699999997,47954.99
1638748800,0.0001,0.409802789,49373.83
1638777600,0.0001,0.401703981,48398.07
1638806400,0.0001,0.40606314099999996,48923.27
1639209600,0.0001,0.364940904,48018.54
1639238400,0.0001,0.370351876,48730.51
1639267200,0.0001,0.375284276,49379.51
1639296000,0.0001,0.374499044,49276.19
1639353600,0.0001,-0.455518882,50057.02
1639382400,0.0001,-0.44345228200000003,48731.02
1639440000,-4.93e-06,-0.019100960556700002,46679.93
1639468800,0.0001,0.389948774,46981.78
1639497600,8.838e-05,0.3435459316632,46833.08
1639526400,0.0001,0.40108920000000003,48324.0
1639555200,0.0001,0.400059917,48199.99
1639584000,0.0001,0.386961355,46621.85
1640102400,0.0001,-0.4986089920000001,48408.64
1640131200,0.0001,-0.503421564,48875.88
1640160000,0.0001,-0.5065102250000001,49175.75
1640188800,0.0001,-0.5032417260000001,48858.42
1640217600,9.72e-05,-0.4862603084040001,48569.69
1640304000,0.0001,-0.574242722,50817.94
1640332800,0.0001,-0.576186887,50989.99
1640361600,0.0001,-0.5754352110000001,50923.47
1640390400,0.0001,-0.5741458810000001,50809.37
1640419200,0.0001,-0.5753541900000001,50916.3
1640448000,0.0001,-0.572559813,50669.01
1640707200,0.0001,0.611522875,48921.83
1640736000,0.0001,0.59402525,47522.02
1640764800,0.0001,0.5945210000000001,47561.68
1640793600,0.0001,0.599267125,47941.37
1640822400,0.0001,0.5804566250000001,46436.53
1640851200,0.0001,0.586916375,46953.31
1640880000,0.0001,0.5893100000000001,47144.8
1640908800,-3.102e-05,-0.18261094004999998,47095.02
1640937600,0.0001,0.5896117500000001,47168.94
1640995200,0.0001,0.489832042,46210.57
1641024000,0.0001,0.500180398,47186.83
1641052800,0.0001,0.500264562,47194.77
1641427200,0.0001,0.49066520999999996,43421.7
1641456000,0.0001,0.48841108600000005,43222.22
1641484800,0.0001,0.485309914,42947.78
1641513600,0.0001,0.48680411300000004,43080.01
1641542400,0.0001,0.47120333300000006,41699.41
1641571200,0.0001,0.466657682,41297.14
1641600000,0.0001,0.46955873100000006,41553.87
1641628800,0.0001,0.473494973,41902.21
1641657600,0.0001,0.47008813600000005,41600.72
1641686400,0.0001,0.47107496500000007,41688.05
1641715200,0.0001,0.47216620600000003,41784.62
1641744000,0.0001,0.47020531699999996,41611.09
1641945600,-4.772e-05,0.2180314311676,42700.69
1641974400,9.625e-05,-0.4382128423749999,42550.1
1642003200,-5.342e-05,0.248929187,43550.0
1642032000,-7.506e-05,0.3524244922224,43880.72
1642060800,0.0001,-0.46740489,43682.7
1642089600,-6.081e-05,0.2808929439,43170.0
1642752000,4.523e-05,0.22640433009920002,39106.43
1642780800,8.226e-05,0.40887173744640004,38831.88
1642809600,-1.051e-05,-0.049003788108799996,36426.46
1642838400,4.122e-05,0.18665560926719998,35377.17
1642867200,0.0001,0.445823104,34829.93
1642896000,0.0001,0.4485597440000001,35043.73
1642924800,-1.256e-05,-0.05715623936,35552.0
1642953600,-1.573e-05,-0.0710046059008,35265.32
1643040000,5.009e-05,0.1491197567823,34218.81
1643212800,-4.13e-05,0.145808668299,37962.11
1643241600,-4.869e-05,0.16657969162140002,36787.42
1644019200,7.457e-05,-0.38110117050000003,41550.0
1644048000,0.0001,-0.508823202,41367.74
1644076800,0.0001,-0.513300402,41731.74
1644105600,0.0001,-0.5089085640000001,41374.68
1644134400,0.0001,-0.511519362,41586.94
1644163200,0.0001,-0.5103883770000001,41494.99
1644192000,1.477e-05,-0.07695826999139999,42361.34
1644220800,5.264e-05,-0.2765533556688,42712.79
1644249600,-9.617e-05,0.5181684780665999,43805.26
1644278400,0.0001,-0.539108877,43829.99
1644307200,0.0001,-0.551559921,44842.27
1644336000,0.0001,-0.533900319,43406.53
1644364800,8.216e-05,-0.44486800057439996,44021.58
1644393600,5.826e-05,-0.313862041422,43798.9
1644422400,5.12e-05,-0.276182381568,43855.18
1644451200,0.0001,-0.545604507,44358.09
1644480000,-1.799e-05,0.09750834324629999,44066.19
1644508800,0.0001,-0.552722763,44936.81
1644537600,3.895e-05,-0.20826447760500003,43471.3
1644940800,5.462e-05,-0.31377764418000004,44190.3
1644969600,0.0001,-0.5788861,44529.7
1644998400,0.0001,-0.5741528,44165.6
1645027200,0.0001,-0.5666908,43591.6
1645056000,0.0001,-0.5701904000000001,43860.8
1645084800,0.0001,-0.5707299000000001,43902.3
1645142400,-4.38e-06,-0.021814552332000005,40491.8
1645171200,-2.923e-05,-0.146102159259,40637.1
1645200000,-9.36e-06,-0.04582693065599999,39805.2
1645228800,0.0001,0.49159164000000005,39966.8
1645257600,9.61e-06,0.04757209758299999,40246.1
1645286400,7.71e-05,0.37885878333000006,39950.1
1645315200,3.023e-05,0.148927182054,40052.6
1645344000,6.581e-05,0.313831233489,38770.3
1645372800,-7.517e-05,-0.35420156619,38309.0
1645401600,6.5e-05,0.30675136049999996,38367.9
1645430400,-4.498e-05,-0.21724071564,39266.0
1645459200,-3.473e-05,-0.16576467505500003,38804.5
1645488000,-5.357e-05,-0.243707458104,36986.4
1645516800,2.477e-05,0.11196263177699999,36748.7
1645545600,-3.085e-05,-0.14322377192999997,37744.6
1645574400,-2.623e-05,-0.123283316109,38212.1
1645603200,-0.00012603,-0.590947675335,38121.5
1645689600,-0.00016045,-0.5547824134300001,35282.3
1645718400,-9.21e-05,-0.32395581876,35892.2
1646092800,0.0001,-0.37976400000000005,43155.0
1646121600,0.0001,-0.38255096,43471.7
1646150400,4.369e-05,-0.16772975471999998,43626.0
1646179200,-5.07e-06,0.019806648575999997,44393.6
1646208000,0.0001,-0.38687264000000005,43962.8
1646236800,0.0001,-0.38822168,44116.1
1646265600,0.0001,-0.38619504000000004,43885.8
1646438400,0.0001,0.38736423000000003,39127.7
1646467200,0.0001,0.3861396000000001,39004.0
1646496000,1.656e-05,0.06415751707200001,39133.8
1646524800,4.115e-05,0.16040784375,39375.0
1646553600,-9.6e-06,-0.03741696288,39369.7
1646582400,1.957e-05,0.07525946835000001,38845.0
1646611200,3.18e-06,0.012089434302,38401.1
1646640000,-8.983e-05,-0.336857271894,37878.2
1646668800,-3.177e-05,-0.12285991782900002,39062.3
1646697600,3.378e-05,0.12695896481399999,37963.7
1646726400,0.0001,0.38145096000000006,38530.4
1646755200,0.0001,0.3826330200000001,38649.8
1646784000,6.776e-05,0.25967529957600005,38709.9
1646812800,0.0001,-0.40517482,41770.6
1646841600,0.0001,-0.41233633000000003,42508.9
1646870400,0.0001,-0.40681315,41939.5
1647244800,-6.699e-05,-0.345414534696,39062.2
1647273600,2.708e-05,0.13919086420800003,38939.3
1647648000,0.0001,-0.5260701600000001,41751.6
1647676800,0.0001,-0.5242230000000001,41605.0
1647705600,0.0001,-0.5280534,41909.0
1647734400,0.0001,-0.5315713200000001,42188.2
1647763200,0.0001,-0.52729362,41848.7
1648166400,6.7e-06,-0.04065762072,43973.2
1648195200,9.286e-05,-0.5625952072320001,43902.4
1648224000,5.473e-05,-0.334738947348,44320.2
1648252800,9.739e-05,-0.595257691692,44290.6
1648281600,-7.111e-05,0.43651772330400007,44482.8
1648310400,0.0001,-0.60987168,44193.6
1648339200,-8.253e-05,0.506694866202,44489.3
1648368000,1.306e-05,-0.08059778137200001,44719.9
1648396800,0.0001,-0.61873818,44836.1
1648425600,0.0001,-0.6461284200000001,46820.9
1648454400,0.0001,-0.6483861000000001,46984.5
1648483200,0.0001,-0.6542704200000001,47410.9
1648512000,0.0001,-0.6502808400000001,47121.8
1648540800,0.0001,-0.6531540000000001,47330.0
1648569600,9.594e-05,-0.6278804812800002,47424.0
1648598400,0.0001,-0.6543753000000001,47418.5
1648771200,0.0001,0.70534145,45505.9
1648800000,7.626e-05,0.53183903211,44993.7
1648828800,9.193e-05,0.6629217549399999,46523.6
1648857600,0.0001,0.7171261,46266.2
1648886400,0.0001,0.72195745,46577.9
1648915200,0.0001,0.717402,46284.0
1648944000,0.0001,0.7097806500000001,45792.3
1648972800,0.0001,0.71863735,46363.7
1649001600,0.0001,0.7191690000000001,46398.0
1649289600,0.0001,0.5783413200000002,43159.8
1649318400,0.0001,0.5817824400000001,43416.6
1649347200,2.421e-05,0.1404874827,43305.0
1649376000,4.306e-05,0.25051840368399997,43417.1
1649404800,0.0001,0.5861481600000001,43742.4
1649433600,0.0001,0.5847264200000001,43636.3
1649462400,0.0001,0.56586994,42229.1
1649491200,9.279e-05,0.528021272304,42466.4
1649520000,0.0001,0.5660682600000001,42243.9
1649548800,2.721e-05,0.15579154069200002,42727.8
1649577600,6.231e-05,0.35577473435400003,42610.1
1649606400,0.0001,0.5724815000000001,42722.5
1649692800,0.0001,0.63297936,40575.6
1649721600,-6.795e-05,-0.41876726111999996,39505.6
1649750400,-0.00010012,-0.6271681397279999,40154.9
1649779200,-7.001e-05,-0.43865244368399997,40163.9
1649808000,-1.692e-05,-0.10574101886399999,40060.7
1649836800,7.53e-06,0.04711876416,40112.0
1650297600,-5.436e-05,-0.38608076707199995,39239.2
1650412800,9.45e-05,-0.6035551137,41472.9
1650441600,9.543e-05,-0.6073301092319999,41325.6
1650470400,3.714e-05,-0.23591469132,41247.0
1650499200,1.77e-06,-0.011264641079999999,41326.0
1650528000,-5.245e-05,0.33790334500999997,41833.7
1650556800,5.359e-05,-0.3476863895119999,42129.2
1650672000,-9.023e-05,-0.49401406828200006,39674.3
1650700800,-7.562e-05,-0.413020680792,39578.2
1650729600,-0.00011883,-0.652004310546,39759.9
1650758400,-0.00018273,-0.9938875470120001,39413.8
1650787200,-0.00015276,-0.837452714616,39725.7
1650816000,-3.654e-05,-0.19988498854800002,39639.9
1650844800,-8.908e-05,-0.48475636353600005,39433.4
1650873600,-7.844e-05,-0.416071927584,38437.2
1650902400,7.223e-05,0.3884169116760001,38967.4
1651392000,9.5e-07,0.005947722,37944.0
1651420800,0.0001,0.6347616,38470.4
1651449600,0.0001,0.6342633,38440.2
1651708800,0.0001,-0.62304037,39684.1
1651737600,0.0001,-0.6214907800000001,39585.4
1651795200,-0.0001346,-0.6343492465799999,36533.7
1651824000,-5.734e-05,-0.26894465179800003,36359.3
1651852800,4.197e-05,0.194849665983,35989.1
1651881600,-5.273e-05,-0.244845469584,35995.2
1651910400,5.998e-05,0.27777337799999996,35900.0
1651939200,7.13e-06,0.033063064167,35947.1
1651968000,-2.659e-05,-0.121654682337,35466.7
1651996800,0.0001,0.44624841000000004,34592.9
1652025600,0.0001,0.44325174,34360.6
1652054400,0.0001,0.43901408999999997,34032.1
1652083200,0.0001,0.43227512999999995,33509.7
1652112000,0.0001,0.417186,32340.0
1652140800,0.0001,0.3877224,30056.0
1652169600,0.0001,0.40767612,31602.8
1652198400,0.0001,0.40395447,31314.3
1652227200,7.58e-05,0.30314473422,31002.1
1652256000,6.939e-05,0.273900239559,30598.9
1652284800,-3.512e-05,-0.140315308272,30971.4
1652313600,-0.00018773,-0.704184447543,29077.9
1652342400,-0.00041995,-1.5250612754700001,28151.4
1652371200,-0.00014678,-0.5493879993,29015.0
1652400000,-7.127e-05,-0.266812301664,29020.8
1652428800,-6.05e-06,-0.02354804958,30172.4
1652457600,6.045e-05,0.23649536137500002,30327.5
1652486400,0.0001,0.37763718,29274.2
1652515200,0.0001,0.3794406,29414.0
1652544000,0.0001,0.37168125,28812.5
1652572800,8.29e-05,0.32167318094999997,30079.5
1652601600,0.0001,0.38456835,29811.5
1652688000,8.883e-05,-0.270575122923,29572.7
1652716800,4.94e-05,-0.15093178542000002,29663.1
1652918400,-3.41e-06,-0.012429368841999999,28700.6
1652947200,5.624e-05,0.20843185136,29182.0
1652976000,7.465e-05,0.28807978452000005,30386.4
1653004800,0.0001,0.38506273,30319.9
1653897600,0.0001,-0.66456901,30625.3
1653926400,0.0001,-0.6644106000000001,30618.0
1653955200,0.0001,-0.68846505,31726.5
1653984000,0.0001,-0.68507985,31570.5
1654012800,0.0001,-0.69539603,32045.9
1654041600,0.0001,-0.6900144300000001,31797.9
1654070400,0.0001,-0.6831073200000001,31479.6
1654099200,0.0001,-0.6669191200000001,30733.6
1654502400,9.656e-05,-0.6614203765919999,31277.8
1654531200,0.0001,-0.69050043,31529.7
1654560000,0.0001,-0.68681028,31361.2
1654905600,1.762e-05,0.090685786098,29077.7
1654934400,3.79e-06,0.01966135647,29309.0
1654963200,6.606e-05,0.331983882612,28392.6
1654992000,0.0001,0.50297382,28416.6
1655020800,5.63e-06,0.027533073045,27629.5
1655049600,4.39e-06,0.021817292934,28077.8
1655078400,5.616e-05,0.26406161870399997,26564.7
1655107200,-3.182e-05,-0.13968326735399997,24801.1
1655136000,-5.8e-06,-0.02387389098,23255.3
1655164800,4.088e-05,0.16259765726400002,22471.4
1655193600,-0.00010037,-0.406177727517,22863.3
1655222400,-5.186e-05,-0.20811678337199999,22672.6
1655251200,-2.077e-05,-0.08132946078299999,22122.7
1655280000,-7.24e-05,-0.265362471,20707.5
1655308800,-6.66e-06,-0.025237121616,21408.8
1655337600,-4.114e-05,-0.16433157015,22567.5
1655568000,5.227e-05,0.11884128108,18946.7
1655596800,4.243e-05,0.09653520852,18959.7
1655625600,-4.559e-05,-0.10009977467999999,18297.1
1655654400,7.239e-05,0.17214023484,19816.3
1655827200,2.028e-05,-0.05203742544,21382.9
1655856000,1.78e-06,-0.004424318159999999,20713.1
1655884800,-2.982e-05,0.07189578143999999,20091.6
1655913600,-1.64e-05,0.039508387199999995,20075.4
1656259200,6.69e-06,-0.030372095574000006,21314.2
1656288000,7.82e-05,-0.35027330706,21029.1
1656316800,3.533e-05,-0.160701815421,21354.9
1656460800,4.188e-05,0.200329344816,20268.7
1656489600,8.335e-05,0.3949954833000001,20080.5
1656518400,5.319e-05,0.25201458169200003,20076.3
1656547200,3.24e-06,0.015376833936000001,20109.9
1656576000,-5.159e-05,-0.236480904044,19423.1
1656604800,-0.00015879,-0.717013450296,19133.4
1656633600,-8.786e-05,-0.413108828568,19923.3
1657008000,0.0001,-0.4849872,20207.8
1657238400,2.12e-06,-0.01104328034,21614.5
1657267200,0.0001,-0.52517033,21791.3
1657296000,0.0001,-0.52893234,21947.4
1657324800,0.0001,-0.52026598,21587.8
1657353600,0.0001,-0.52163727,21644.7
1657382400,6.143e-05,-0.318871003718,21538.6
1657411200,9.962e-05,-0.5181017036,21580.0
1657526400,7.236e-05,0.3503486030760001,20429.3
1657555200,8.5e-05,0.4115663790000001,20430.2
1657584000,8.003e-05,0.378475403073,19954.3
1657612800,6.433e-05,0.3006994752090001,19722.9
1657641600,2.667e-05,0.12563771075100003,19876.9
1657670400,-1.204e-05,-0.05513750869200001,19322.9
1657699200,6.17e-06,0.028806820542,19699.8
1657728000,-1.218e-05,-0.056131392366,19445.1
1657929600,6.055e-05,-0.271080321575,20823.1
1657958400,7.996e-05,-0.3531285474,20541.0
1657987200,8e-06,-0.036008028,20934.9
1658016000,8.038e-05,-0.36608862012,21183.6
1658044800,0.0001,-0.46139,21460.0
1658073600,8.709e-05,-0.3961697973,21158.0
1658102400,0.0001,-0.4470796,20794.4
1658131200,0.0001,-0.47823095,22243.3
1658160000,0.0001,-0.4874824,22673.6
1658188800,0.0001,-0.48210525000000004,22423.5
1658217600,0.0001,-0.46785935000000006,21760.9
1658246400,0.0001,-0.49701765,23117.1
1658275200,0.0001,-0.5027968500000001,23385.9
1658304000,0.0001,-0.5026055,23377.0
1658332800,8.118e-05,-0.42156794295000005,24153.5
1658361600,0.0001,-0.49926225,23221.5
1658390400,0.0001,-0.49292189999999997,22926.6
1658592000,0.0001,0.41088315000000003,22209.9
1658620800,3.77e-05,0.15650847745,22440.1
1658649600,0.0001,0.4198094,22692.4
1658678400,8.293e-05,0.35036639585,22837.0
1658736000,1.238e-05,0.05516643876800001,21951.2
1658764800,2.319e-05,0.10302234490800001,21884.4
1658793600,0.0001,0.43239000000000005,21300.0
1658822400,3.654e-05,0.15616834619400002,21053.7
1658851200,8.659e-05,0.364520763152,20737.6
1658880000,4.591e-05,0.19796038493,21241.0
1658908800,5.085e-05,0.22023160425000005,21335.0
1658937600,2.951e-05,0.12889523874500003,21516.5
1658995200,0.0001,-0.4537447200000001,22916.4
1659024000,0.0001,-0.4700401200000001,23739.4
1659052800,0.0001,-0.4719567600000001,23836.2
1659081600,0.0001,-0.47397240000000007,23938.0
1659110400,0.0001,-0.4752594000000001,24003.0
1659139200,0.0001,-0.4706658000000001,23771.0
1659168000,0.0001,-0.4726220400000001,23869.8
1659196800,0.0001,-0.48555144000000006,24522.8
1659225600,0.0001,-0.46787400000000007,23630.0
1659254400,0.0001,-0.4693570200000001,23704.9
1659283200,6.281e-05,-0.29554062159600003,23764.2
1659657600,1.692e-05,0.09066259335600002,22608.9
1659974400,0.0001,-0.7747736400000002,23986.8
1660003200,0.0001,-0.7688788900000001,23804.3
1660032000,7.92e-05,-0.6105355819200001,23866.2
1660204800,0.0001,-0.5936344200000001,24429.4
1660233600,4.911e-05,-0.290424026772,24336.4
1660262400,9.024e-05,-0.524466207936,23917.3
1660291200,1.412e-05,-0.08217353707200001,23949.2
1660320000,-3.384e-05,0.197081050104,23966.7
1660348800,-3.559e-05,0.21091212337500004,24387.5
1660377600,8.455e-05,-0.5047264924649999,24566.1
1660406400,2.154e-05,-0.12824781159600002,24501.8
1660435200,2.396e-05,-0.14223247812,24429.0
1660464000,-3.33e-06,0.020122289568,24867.2
1660492800,1.239e-05,-0.07379999424,24512.0
1660780800,8.391e-05,0.512964670302,23333.1
1660809600,0.0001,0.6131455000000001,23402.5
1660838400,7.171e-05,0.44038179479000006,23439.5
1660867200,0.0001,0.6074470000000001,23185.0
1660896000,2.108e-05,0.12091361098400003,21892.9
1660924800,-6.746e-05,-0.37878263812,21431.0
1660953600,1.07e-05,0.058380804999999994,20825.0
1660982400,-6.722e-05,-0.375043396128,21295.2
1661011200,-4.567e-05,-0.254767884572,21291.8
1661040000,-1.957e-05,-0.108328901318,21127.7
1661068800,-3.589e-05,-0.19973952860600003,21241.7
1661097600,-3.234e-05,-0.181389154716,21407.7
1661558400,-2.808e-05,-0.15677404329600003,20228.7
1661587200,-6.29e-05,-0.351634902,20255.0
1661616000,-4.396e-05,-0.24224667936000002,19966.0
1661644800,-1.396e-05,-0.07715167104,20024.0
1661673600,-8.758e-05,-0.4845293436,20045.0
1661702400,-2.443e-05,-0.13490484436800002,20007.6
1661731200,-0.00013623,-0.7349758352999999,19547.5
1661760000,-0.00010056,-0.551907751968,19885.3
1662508800,-8.601e-05,-0.5153088402660001,18781.4
1662537600,2.729e-05,0.163588720614,18791.4
1662566400,-3.48e-05,-0.20940526595999998,18863.3
1662595200,6.2e-06,0.0381458286,19287.0
1662624000,3.327e-05,0.20339002331999997,19164.0
1662652800,5.667e-05,0.347824564065,19240.5
1662681600,1.312e-05,0.080814827104,19309.3
1662739200,0.0001,-0.595238,21258.5
1662768000,0.0001,-0.597856,21352.0
1662796800,9.764e-05,-0.58164148,21275.0
1662825600,0.0001,-0.5939724000000001,21213.3
1662854400,7.115e-05,-0.431102119,21639.5
1662883200,0.0001,-0.6048000000000001,21600.0
1662912000,6.712e-05,-0.4065807424,21634.0
1662940800,0.0001,-0.6109684000000001,21820.3
1662969600,8.246e-05,-0.5121280550400001,22180.8
1662998400,0.0001,-0.6189652000000001,22105.9
1663027200,9.965e-05,-0.624614172,22386.0
1663056000,0.0001,-0.6235012000000001,22267.9
1663113600,-3.953e-05,-0.157811460444,20162.6
1663142400,7.27e-06,0.029128048884000005,20235.4
1663171200,1.004e-05,0.040087599552,20165.6
1663200000,3.24e-06,0.01296960984,20217.0
1663228800,0.0001,0.39986298000000003,20195.1
1663257600,8.13e-06,0.031758238512,19728.8
1663286400,8.055e-05,0.31404660012,19690.8
1663315200,4.349e-05,0.16989886900800003,19730.4
1663344000,2.919e-05,0.11358860574600001,19653.3
1663372800,3.024e-05,0.11850739084800002,19792.4
1663401600,4.336e-05,0.17028130204799996,19834.1
1663430400,1.467e-05,0.057952904922000004,19951.7
1663574400,-9.289e-05,-0.500698687636,18459.7
1663603200,6e-06,0.03341256719999999,19071.1
1664265600,0.0001,-0.5467208200000001,20174.2
1664294400,8.538e-05,-0.46010567369399996,19885.3
1664899200,0.0001,-0.7052362200000002,20092.2
1664928000,0.0001,-0.7136847900000002,20332.9
1664956800,0.0001,-0.7096798800000002,20218.8
1664985600,0.0001,-0.70181046,19994.6
1665014400,0.0001,-0.7072614900000002,20149.9
1665043200,0.0001,-0.7095359700000001,20214.7
1665072000,0.0001,-0.7021509300000001,20004.3
1665100800,0.0001,-0.7003854000000002,19954.0
1665129600,0.0001,-0.6990761700000001,19916.7
1665187200,3.85e-05,0.26379568215000004,19520.9
1665216000,7.345e-05,0.50246555931,19489.8
1665244800,4.149e-05,0.28368558890100004,19479.9
1665273600,3.246e-05,0.22110490279800002,19406.3
1665302400,1.776e-05,0.120924346608,19398.3
1665331200,1.951e-05,0.13370397124500003,19524.5
1665360000,6.241e-05,0.4256318313,19430.0
1665388800,6.069e-05,0.41329017884700003,19401.3
1665417600,0.0001,0.6760856700000002,19261.7
1665446400,0.0001,0.6712559100000001,19124.1
1665475200,0.0001,0.6695360100000001,19075.1
1665504000,0.0001,0.6717297600000001,19137.6
1665532800,0.0001,0.6688305000000001,19055.0
1665561600,0.0001,0.6705293400000002,19103.4
1665590400,0.0001,0.67148406,19130.6
1665619200,7.466e-05,0.501788598246,19148.1
1665648000,0.0001,0.6669000000000002,19000.0
1665676800,3.936e-05,0.26176929667200005,18947.7
1665734400,0.0001,-0.6655654800000002,19633.2
1665763200,8.395e-05,-0.550765148745,19352.9
1666252800,6.021e-05,0.55425580938,19138.0
1666281600,2.095e-05,0.19392284119,19244.2
1666310400,4.708e-05,0.431052182704,19034.8
1666339200,4.483e-05,0.41011969666200004,19019.4
1666368000,-8.9e-06,-0.08201605074,19158.6
1666396800,3.721e-05,0.34276478950999995,19151.0
1666425600,8.36e-05,0.77026124032,19155.2
1666569600,0.0001,-1.23622992,19560.6
1666598400,0.0001,-1.2209228800000003,19318.4
1666742400,2.243e-05,-0.24172086735300002,20068.3
1666771200,5.665e-05,-0.61856946228,20333.6
1666800000,6.122e-05,-0.684973266984,20835.6
1666828800,1.3e-07,-0.001449143904,20758.4
1666857600,-2.276e-05,0.253041883632,20703.6
1666886400,1.376e-05,-0.151876711392,20554.1
1666915200,-1.228e-05,0.13377054921599998,20285.6
1667606400,4.409e-05,-0.34855183721599997,21137.6
1667635200,4.541e-05,-0.36300870249600004,21374.4
1667664000,0.0001,-0.79623478,21289.7
1667692800,6.491e-05,-0.5168384233319999,21289.8
1667721600,9.732e-05,-0.771092130336,21185.2
1667750400,6.866e-05,-0.545259352792,21233.8
1667894400,-7.88e-06,-0.060025553280000005,19785.6
1667923200,9.446e-05,0.70966031598,19513.8
1667952000,-0.00013884,-0.473477388384,18533.9
1667980800,7.305e-05,0.24496586999999997,18225.0
1668009600,-0.00032976,-1.037362701312,17096.8
1668038400,-0.00119172,-3.4875924144,15905.0
1668067200,-0.00111953,-3.44822852804,16739.5
1668096000,-0.00023833,-0.769246873152,17541.6
1668124800,-0.00019452,-0.6295040678399999,17588.0
1668153600,-7.277e-05,-0.23294427986399996,17397.3
1668182400,-5.802e-05,-0.18004214049599998,16864.7
1668211200,5.3e-05,0.16635351680000002,17058.4
1668240000,-2.406e-05,-0.074424740256,16811.4
1668268800,6.521e-05,0.20308298131999997,16925.5
1668297600,3.33e-06,0.010297923768000001,16806.9
1668326400,-7.357e-05,-0.22695120795200002,16765.4
1668355200,2.816e-05,0.085848170496,16568.4
1668384000,-3.809e-05,-0.11438881032800001,16321.3
1668412800,-7.645e-05,-0.23650651507999998,16813.1
1669017600,-1.218e-05,-0.097635489,16032.1
1669046400,2.302e-05,0.185571126,16122.6
1669075200,-7.485e-05,-0.5903007825000001,15772.9
1669104000,2.033e-05,0.1601485585,15754.9
1669132800,7.881e-05,0.639653484,16232.8
1669161600,9.406e-05,0.762850115,16220.5
1669622400,5.36e-06,0.050496415816,16215.1
1669651200,2.1e-07,0.001968838767,16136.7
1669680000,4.76e-05,0.44814793575999995,16204.6
1669795200,4.038e-05,-0.335918445894,16874.1
1669824000,9.511e-05,-0.790402372264,16856.8
1669852800,1.029e-05,-0.08701868359800001,17153.4
1669881600,-5.001e-05,0.420674743125,17062.5
1669910400,0.0001,-0.83664565,16970.5
1669939200,8.203e-05,-0.686300426695,16970.5
1669968000,2.825e-05,-0.23602510575,16947.0
1670428800,-1.492e-05,-0.15617808698399996,16829.1
1670457600,1.183e-05,0.12382479928,16828.0
1670486400,2.152e-05,0.22510026739199998,16816.8
1670515200,1.67e-06,0.017562704298000005,16907.7
1670947200,0.0001,-1.3418622000000002,17749.5
1670976000,0.0001,-1.34394876,17777.1
1671004800,0.0001,-1.3462167600000001,17807.1
1671033600,0.0001,-1.36494288,18054.8
1671062400,0.0001,-1.3459824000000002,17804.0
1671091200,0.0001,-1.3370540400000002,17685.9
1671206400,-1.987e-05,-0.155371275326,16961.8
1671235200,2.013e-05,0.15427048431299997,16624.1
1671264000,7.81e-05,0.6026330253900001,16737.9
1671292800,9.707e-05,0.7469682396210001,16692.3
1671321600,6.274e-05,0.484986103834,16768.1
1671350400,6.828e-05,0.5269231714920001,16739.9
1671379200,-6.47e-06,-0.04974019798800001,16676.4
1671580800,3.778e-05,-0.327933127716,16887.3
1671609600,7.742e-05,-0.668899308308,16809.1
1671638400,7.582e-05,-0.656848706808,16854.6
1671667200,2.918e-05,-0.252270606844,16819.7
1671696000,8.167e-05,-0.7060763515999999,16820.0
1672185600,4.252e-05,0.6908372624720001,16698.2
1672214400,9.764e-05,1.5807763974519997,16639.1
1672243200,2.111e-05,0.34037499913899993,16571.3
1672272000,9.985e-05,1.6068211175450002,16538.9
1672300800,8.532e-05,1.3741698070800001,16553.0
1672329600,0.0001,1.6161627299999999,16610.1
1672358400,0.0001,1.61812819,16630.3
1672387200,7.132e-05,1.142758562736,16467.6
1672416000,0.0001,1.6100912100000002,16547.7
