entry_time,exit_time,direction,entry,exit,quantity,stop,target,net,exit_reason
1767595500,1767624300,1,92396.90000000001,93382.5,0.499,92066.40000000001,93382.5,436.1920476399956,target
1769346900,1769348700,-1,88702.3,88839.5,0.906,88839.3,88084.0,-220.81492247999734,stop
1769753700,1769783400,-1,82714.0,83356.8,0.299,83356.6,81000.0,-221.99030152000088,stop
1770283800,1770290100,-1,71581.7,70085.3,0.374,72026.3,70085.3,527.8635251999979,target
1770952500,1770973200,-1,66463.7,66784.8,0.531,66784.6,65081.0,-212.95707210000307,stop
1771484400,1771508700,-1,67055.7,65826.1,0.67,67302.90000000001,65826.1,770.4135163999941,target
1773720900,1773721800,1,74645.20000000001,74174.3,0.385,74174.5,75998.90000000001,-215.67380450000337,stop
1779508800,1779520500,-1,75587.7,75184.90000000001,1.0,75653.8,75184.90000000001,312.33643999998833,target
1781037000,1781082900,-1,61970.100000000006,60755.0,0.538,62295.3,60755.0,614.1081377200031,target
1783310400,1783314900,1,63273.299999999996,63071.200000000004,0.777,63071.4,63990.700000000004,-215.93350589999318,stop
1788220800,1788226200,1,78560.1,78334.3,0.6930000000000001,78334.5,79228.5,-221.71609152000204,stop
